Workbook
Name SegmentaçãodeDados_CULTURA: #N/A

Sheet Resumo
B1: Cereal Ouro
B2: PCP - Planejamento e Controle de Produção
B3: Acompanhamento da Acuraciade dos Estoques de Sementes - 2025
B5: CULTURA | C5: (Tudo)
C7: LOCAL | D7: Valores
C8: LPCO | D8: LPCO | E8: UBS I | F8: UBS I
B9: MÊS | C9: Soma de N° Lotes | D9: % Acuracidade | E9: Soma de N° Lotes | F9: % Acuracidade
B10: ABR | C10: 287 | D10: 1 | E10: 347 | F10: 1
B11: MAI | C11: 287 | D11: 1 | E11: 340 | F11: 1
B12: JUN | C12: 287 | D12: 1 | E12: 376 | F12: 0.99951463
B13: JUL | C13: 204 | D13: 0.99501753 | E13: 334 | F13: 1
B14: Total Geral | C14: 1065 | D14: 0.99904906 | E14: 1397 | F14: 0.99984915

Sheet Resultados
A1: LOCAL | B1: UF | C1: Filial | D1: Deposito | E1: CULTURA | F1: LOTE | G1: CULTIVAR | H1: CÓD. PRODUTO | I1: NOME PRODUTO ERP | J1: CAT | K1: PEN. | L1: UM | M1: QTD SISTEMA | N1: PESO ETIQUETA | O1: CAT. FÍS. | P1: ETIQUETA FÍSICA | Q1: QTD FÍSICA | R1: CÂMARA | S1: QUADRA | T1: FILEIRA | U1: CONF.? (SIM/NÃO) | V1: N° Lotes | W1: DATA VERIFICAÇÃO | X1: MÊS | Y1: AUDITOR | Z1: AUDITOR | AA1: RESPONSÁVEL UBS
A2: LPCO | B2: GO | C2: 0101 | D2: 11 | E2: SOJA | F2: 11743P1417 | G2: 22213I2X | H2: PA154000849 | I2: SEM SOJA 22213I2X BG ST | J2: C2 | K2: P1 | L2: BG | M2: 30 | N2: 761 | O2: C2 | P2: 761 | Q2: 30 | U2: =IF(AUDITORIA[[#This Row],[QTD FÍSICA]]="","",IF(AND(AUDITORIA[[#This Row],[CAT]]=AUDITORIA[[#This Row],[CAT. FÍS.]],AUDITORIA[[#This Row],[QTD FÍSICA]]=AUDITORIA[[#This Row],[QTD SISTEMA]]),"SIM","NÃO")) -> SIM | V2: =IF(AUDITORIA[[#This Row],[CAT]]="",0,1) -> 1 | W2: 46135 | X2: =UPPER(IF(AUDITORIA[[#This Row],[DATA VERIFICAÇÃO]]="","",TEXT(AUDITORIA[[#This Row],[DATA VERIFICAÇÃO]],"mmm"))) -> ABR | Y2: Renato de Castro | Z2: Evelyn Ataide | AA2: Luziano Alves
A3: LPCO | B3: GO | C3: 0101 | D3: 11 | E3: SOJA | F3: 11743P1420 | G3: 22213I2X | H3: PA154000849 | I3: SEM SOJA 22213I2X BG ST | J3: C2 | K3: P1 | L3: BG | M3: 30 | N3: 733 | O3: C2 | P3: 733 | Q3: 30 | U3: =IF(AUDITORIA[[#This Row],[QTD FÍSICA]]="","",IF(AND(AUDITORIA[[#This Row],[CAT]]=AUDITORIA[[#This Row],[CAT. FÍS.]],AUDITORIA[[#This Row],[QTD FÍSICA]]=AUDITORIA[[#This Row],[QTD SISTEMA]]),"SIM","NÃO")) -> SIM | V3: =IF(AUDITORIA[[#This Row],[CAT]]="",0,1) -> 1 | W3: 46135 | X3: =UPPER(IF(AUDITORIA[[#This Row],[DATA VERIFICAÇÃO]]="","",TEXT(AUDITORIA[[#This Row],[DATA VERIFICAÇÃO]],"mmm"))) -> ABR | Y3: Renato de Castro | Z3: Evelyn Ataide | AA3: Luziano Alves
A4: LPCO | B4: GO | C4: 0101 | D4: 11 | E4: SOJA | F4: 11743P1422 | G4: 22213I2X | H4: PA154000849 | I4: SEM SOJA 22213I2X BG ST | J4: C2 | K4: P1 | L4: BG | M4: 30 | N4: 748 | O4: C2 | P4: 748 | Q4: 30 | U4: =IF(AUDITORIA[[#This Row],[QTD FÍSICA]]="","",IF(AND(AUDITORIA[[#This Row],[CAT]]=AUDITORIA[[#This Row],[CAT. FÍS.]],AUDITORIA[[#This Row],[QTD FÍSICA]]=AUDITORIA[[#This Row],[QTD SISTEMA]]),"SIM","NÃO")) -> SIM | V4: =IF(AUDITORIA[[#This Row],[CAT]]="",0,1) -> 1 | W4: 46135 | X4: =UPPER(IF(AUDITORIA[[#This Row],[DATA VERIFICAÇÃO]]="","",TEXT(AUDITORIA[[#This Row],[DATA VERIFICAÇÃO]],"mmm"))) -> ABR | Y4: Renato de Castro | Z4: Evelyn Ataide | AA4: Luziano Alves
A5: LPCO | B5: GO | C5: 0101 | D5: 11 | E5: SOJA | F5: 11743P1424 | G5: 22213I2X | H5: PA154000849 | I5: SEM SOJA 22213I2X BG ST | J5: C2 | K5: P1 | L5: BG | M5: 23 | N5: 731 | O5: C2 | P5: 731 | Q5: 23 | U5: =IF(AUDITORIA[[#This Row],[QTD FÍSICA]]="","",IF(AND(AUDITORIA[[#This Row],[CAT]]=AUDITORIA[[#This Row],[CAT. FÍS.]],AUDITORIA[[#This Row],[QTD FÍSICA]]=AUDITORIA[[#This Row],[QTD SISTEMA]]),"SIM","NÃO")) -> SIM | V5: =IF(AUDITORIA[[#This Row],[CAT]]="",0,1) -> 1 | W5: 46135 | X5: =UPPER(IF(AUDITORIA[[#This Row],[DATA VERIFICAÇÃO]]="","",TEXT(AUDITORIA[[#This Row],[DATA VERIFICAÇÃO]],"mmm"))) -> ABR | Y5: Renato de Castro | Z5: Evelyn Ataide | AA5: Luziano Alves
A6: LPCO | B6: GO | C6: 0101 | D6: 11 | E6: SOJA | F6: 11743P2418 | G6: 22213I2X | H6: PA154000849 | I6: SEM SOJA 22213I2X BG ST | J6: C2 | K6: P2 | L6: BG | M6: 27 | N6: 953 | O6: C2 | P6: 953 | Q6: 27 | U6: =IF(AUDITORIA[[#This Row],[QTD FÍSICA]]="","",IF(AND(AUDITORIA[[#This Row],[CAT]]=AUDITORIA[[#This Row],[CAT. FÍS.]],AUDITORIA[[#This Row],[QTD FÍSICA]]=AUDITORIA[[#This Row],[QTD SISTEMA]]),"SIM","NÃO")) -> SIM | V6: =IF(AUDITORIA[[#This Row],[CAT]]="",0,1) -> 1 | W6: 46135 | X6: =UPPER(IF(AUDITORIA[[#This Row],[DATA VERIFICAÇÃO]]="","",TEXT(AUDITORIA[[#This Row],[DATA VERIFICAÇÃO]],"mmm"))) -> ABR | Y6: Renato de Castro | Z6: Evelyn Ataide | AA6: Luziano Alves
A7: LPCO | B7: GO | C7: 0101 | D7: 11 | E7: SOJA | F7: 11743P2419 | G7: 22213I2X | H7: PA154000849 | I7: SEM SOJA 22213I2X BG ST | J7: C2 | K7: P2 | L7: BG | M7: 27 | N7: 936 | O7: C2 | P7: 936 | Q7: 27 | U7: =IF(AUDITORIA[[#This Row],[QTD FÍSICA]]="","",IF(AND(AUDITORIA[[#This Row],[CAT]]=AUDITORIA[[#This Row],[CAT. FÍS.]],AUDITORIA[[#This Row],[QTD FÍSICA]]=AUDITORIA[[#This Row],[QTD SISTEMA]]),"SIM","NÃO")) -> SIM | V7: =IF(AUDITORIA[[#This Row],[CAT]]="",0,1) -> 1 | W7: 46135 | X7: =UPPER(IF(AUDITORIA[[#This Row],[DATA VERIFICAÇÃO]]="","",TEXT(AUDITORIA[[#This Row],[DATA VERIFICAÇÃO]],"mmm"))) -> ABR | Y7: Renato de Castro | Z7: Evelyn Ataide | AA7: Luziano Alves
A8: LPCO | B8: GO | C8: 0101 | D8: 11 | E8: SOJA | F8: 11743P2421 | G8: 22213I2X | H8: PA154000849 | I8: SEM SOJA 22213I2X BG ST | J8: C2 | K8: P2 | L8: BG | M8: 27 | N8: 948 | O8: C2 | P8: 948 | Q8: 27 | U8: =IF(AUDITORIA[[#This Row],[QTD FÍSICA]]="","",IF(AND(AUDITORIA[[#This Row],[CAT]]=AUDITORIA[[#This Row],[CAT. FÍS.]],AUDITORIA[[#This Row],[QTD FÍSICA]]=AUDITORIA[[#This Row],[QTD SISTEMA]]),"SIM","NÃO")) -> SIM | V8: =IF(AUDITORIA[[#This Row],[CAT]]="",0,1) -> 1 | W8: 46135 | X8: =UPPER(IF(AUDITORIA[[#This Row],[DATA VERIFICAÇÃO]]="","",TEXT(AUDITORIA[[#This Row],[DATA VERIFICAÇÃO]],"mmm"))) -> ABR | Y8: Renato de Castro | Z8: Evelyn Ataide | AA8: Luziano Alves
A9: LPCO | B9: GO | C9: 0101 | D9: 11 | E9: SOJA | F9: 11743P2423 | G9: 22213I2X | H9: PA154000849 | I9: SEM SOJA 22213I2X BG ST | J9: C2 | K9: P2 | L9: BG | M9: 27 | N9: 929 | O9: C2 | P9: 929 | Q9: 27 | U9: =IF(AUDITORIA[[#This Row],[QTD FÍSICA]]="","",IF(AND(AUDITORIA[[#This Row],[CAT]]=AUDITORIA[[#This Row],[CAT. FÍS.]],AUDITORIA[[#This Row],[QTD FÍSICA]]=AUDITORIA[[#This Row],[QTD SISTEMA]]),"SIM","NÃO")) -> SIM | V9: =IF(AUDITORIA[[#This Row],[CAT]]="",0,1) -> 1 | W9: 46135 | X9: =UPPER(IF(AUDITORIA[[#This Row],[DATA VERIFICAÇÃO]]="","",TEXT(AUDITORIA[[#This Row],[DATA VERIFICAÇÃO]],"mmm"))) -> ABR | Y9: Renato de Castro | Z9: Evelyn Ataide | AA9: Luziano Alves
A10: LPCO | B10: GO | C10: 0101 | D10: 11 | E10: SOJA | F10: 11743P2425 | G10: 22213I2X | H10: PA154000849 | I10: SEM SOJA 22213I2X BG ST | J10: C2 | K10: P2 | L10: BG | M10: 14 | N10: 949 | O10: C2 | P10: 949 | Q10: 14 | U10: =IF(AUDITORIA[[#This Row],[QTD FÍSICA]]="","",IF(AND(AUDITORIA[[#This Row],[CAT]]=AUDITORIA[[#This Row],[CAT. FÍS.]],AUDITORIA[[#This Row],[QTD FÍSICA]]=AUDITORIA[[#This Row],[QTD SISTEMA]]),"SIM","NÃO")) -> SIM | V10: =IF(AUDITORIA[[#This Row],[CAT]]="",0,1) -> 1 | W10: 46135 | X10: =UPPER(IF(AUDITORIA[[#This Row],[DATA VERIFICAÇÃO]]="","",TEXT(AUDITORIA[[#This Row],[DATA VERIFICAÇÃO]],"mmm"))) -> ABR | Y10: Renato de Castro | Z10: Evelyn Ataide | AA10: Luziano Alves
A11: LPCO | B11: GO | C11: 0101 | D11: 11 | E11: SOJA | F11: 11272P1201 | G11: 690 I2X | H11: PA154000454 | I11: SEM SOJA 690 I2X BG ST | J11: S1 | K11: P1 | L11: BG | M11: 30 | N11: 759 | O11: S1 | P11: 759 | Q11: 30 | U11: =IF(AUDITORIA[[#This Row],[QTD FÍSICA]]="","",IF(AND(AUDITORIA[[#This Row],[CAT]]=AUDITORIA[[#This Row],[CAT. FÍS.]],AUDITORIA[[#This Row],[QTD FÍSICA]]=AUDITORIA[[#This Row],[QTD SISTEMA]]),"SIM","NÃO")) -> SIM | V11: =IF(AUDITORIA[[#This Row],[CAT]]="",0,1) -> 1 | W11: 46135 | X11: =UPPER(IF(AUDITORIA[[#This Row],[DATA VERIFICAÇÃO]]="","",TEXT(AUDITORIA[[#This Row],[DATA VERIFICAÇÃO]],"mmm"))) -> ABR | Y11: Renato de Castro | Z11: Evelyn Ataide | AA11: Luziano Alves
A12: LPCO | B12: GO | C12: 0101 | D12: 11 | E12: SOJA | F12: 11272P1203 | G12: 690 I2X | H12: PA154000454 | I12: SEM SOJA 690 I2X BG ST | J12: S1 | K12: P1 | L12: BG | M12: 30 | N12: 742 | O12: S1 | P12: 742 | Q12: 30 | U12: =IF(AUDITORIA[[#This Row],[QTD FÍSICA]]="","",IF(AND(AUDITORIA[[#This Row],[CAT]]=AUDITORIA[[#This Row],[CAT. FÍS.]],AUDITORIA[[#This Row],[QTD FÍSICA]]=AUDITORIA[[#This Row],[QTD SISTEMA]]),"SIM","NÃO")) -> SIM | V12: =IF(AUDITORIA[[#This Row],[CAT]]="",0,1) -> 1 | W12: 46135 | X12: =UPPER(IF(AUDITORIA[[#This Row],[DATA VERIFICAÇÃO]]="","",TEXT(AUDITORIA[[#This Row],[DATA VERIFICAÇÃO]],"mmm"))) -> ABR | Y12: Renato de Castro | Z12: Evelyn Ataide | AA12: Luziano Alves
A13: LPCO | B13: GO | C13: 0101 | D13: 11 | E13: SOJA | F13: 11272P1205 | G13: 690 I2X | H13: PA154000454 | I13: SEM SOJA 690 I2X BG ST | J13: S1 | K13: P1 | L13: BG | M13: 30 | N13: 755 | O13: S1 | P13: 755 | Q13: 30 | U13: =IF(AUDITORIA[[#This Row],[QTD FÍSICA]]="","",IF(AND(AUDITORIA[[#This Row],[CAT]]=AUDITORIA[[#This Row],[CAT. FÍS.]],AUDITORIA[[#This Row],[QTD FÍSICA]]=AUDITORIA[[#This Row],[QTD SISTEMA]]),"SIM","NÃO")) -> SIM | V13: =IF(AUDITORIA[[#This Row],[CAT]]="",0,1) -> 1 | W13: 46135 | X13: =UPPER(IF(AUDITORIA[[#This Row],[DATA VERIFICAÇÃO]]="","",TEXT(AUDITORIA[[#This Row],[DATA VERIFICAÇÃO]],"mmm"))) -> ABR | Y13: Renato de Castro | Z13: Evelyn Ataide | AA13: Luziano Alves
... A288: LPCO | B288: GO | C288: 0101 | D288: 11 | E288: SOJA | F288: 11264P2433 | G288: O820 IPRO | H288: PA154001160 | I288: SOJA DEST STE O820 IPRO BG ST | J288: S1 | K288: P2 | L288: BG | M288: 4 | N288: 1193 | O288: S1 | P288: 1193 | Q288: 4 | U288: =IF(AUDITORIA[[#This Row],[QTD FÍSICA]]="","",IF(AND(AUDITORIA[[#This Row],[CAT]]=AUDITORIA[[#This Row],[CAT. FÍS.]],AUDITORIA[[#This Row],[QTD FÍSICA]]=AUDITORIA[[#This Row],[QTD SISTEMA]]),"SIM","NÃO")) -> SIM | V288: =IF(AUDITORIA[[#This Row],[CAT]]="",0,1) -> 1 | W288: 46135 | X288: =UPPER(IF(AUDITORIA[[#This Row],[DATA VERIFICAÇÃO]]="","",TEXT(AUDITORIA[[#This Row],[DATA VERIFICAÇÃO]],"mmm"))) -> ABR | Y288: Renato de Castro | Z288: Evelyn Ataide | AA288: Luziano Alves
A289: UBS I | B289: GO | C289: 0101 | D289: 10 | E289: SOJA | F289: 11026715P1061 | G289: 761 I2X | J289: S2 | K289: P1 | L289: BG | M289: 30 | N289: 814 | O289: S2 | P289: 814 | Q289: 30 | U289: =IF(AUDITORIA[[#This Row],[QTD FÍSICA]]="","",IF(AND(AUDITORIA[[#This Row],[CAT]]=AUDITORIA[[#This Row],[CAT. FÍS.]],AUDITORIA[[#This Row],[QTD FÍSICA]]=AUDITORIA[[#This Row],[QTD SISTEMA]]),"SIM","NÃO")) -> SIM | V289: =IF(AUDITORIA[[#This Row],[CAT]]="",0,1) -> 1 | W289: 46141 | X289: =UPPER(IF(AUDITORIA[[#This Row],[DATA VERIFICAÇÃO]]="","",TEXT(AUDITORIA[[#This Row],[DATA VERIFICAÇÃO]],"mmm"))) -> ABR | Y289: Renato de Castro | Z289: Sergio Mench do Prado | AA289: Cláudio Mecenas
A290: UBS I | B290: GO | C290: 0101 | D290: 10 | E290: SOJA | F290: 11026715P1063 | G290: 761 I2X | J290: S2 | K290: P1 | L290: BG | M290: 30 | N290: 824 | O290: S2 | P290: 824 | Q290: 30 | U290: =IF(AUDITORIA[[#This Row],[QTD FÍSICA]]="","",IF(AND(AUDITORIA[[#This Row],[CAT]]=AUDITORIA[[#This Row],[CAT. FÍS.]],AUDITORIA[[#This Row],[QTD FÍSICA]]=AUDITORIA[[#This Row],[QTD SISTEMA]]),"SIM","NÃO")) -> SIM | V290: =IF(AUDITORIA[[#This Row],[CAT]]="",0,1) -> 1 | W290: 46141 | X290: =UPPER(IF(AUDITORIA[[#This Row],[DATA VERIFICAÇÃO]]="","",TEXT(AUDITORIA[[#This Row],[DATA VERIFICAÇÃO]],"mmm"))) -> ABR | Y290: Renato de Castro | Z290: Sergio Mench do Prado | AA290: Cláudio Mecenas
A291: UBS I | B291: GO | C291: 0101 | D291: 10 | E291: SOJA | F291: 11026715P1067 | G291: 761 I2X | J291: S2 | K291: P1 | L291: BG | M291: 30 | N291: 810 | O291: S2 | P291: 810 | Q291: 30 | U291: =IF(AUDITORIA[[#This Row],[QTD FÍSICA]]="","",IF(AND(AUDITORIA[[#This Row],[CAT]]=AUDITORIA[[#This Row],[CAT. FÍS.]],AUDITORIA[[#This Row],[QTD FÍSICA]]=AUDITORIA[[#This Row],[QTD SISTEMA]]),"SIM","NÃO")) -> SIM | V291: =IF(AUDITORIA[[#This Row],[CAT]]="",0,1) -> 1 | W291: 46141 | X291: =UPPER(IF(AUDITORIA[[#This Row],[DATA VERIFICAÇÃO]]="","",TEXT(AUDITORIA[[#This Row],[DATA VERIFICAÇÃO]],"mmm"))) -> ABR | Y291: Renato de Castro | Z291: Sergio Mench do Prado | AA291: Cláudio Mecenas
A292: UBS I | B292: GO | C292: 0101 | D292: 10 | E292: SOJA | F292: 11026715P1069 | G292: 761 I2X | J292: S2 | K292: P1 | L292: BG | M292: 30 | N292: 819 | O292: S2 | P292: 819 | Q292: 30 | U292: =IF(AUDITORIA[[#This Row],[QTD FÍSICA]]="","",IF(AND(AUDITORIA[[#This Row],[CAT]]=AUDITORIA[[#This Row],[CAT. FÍS.]],AUDITORIA[[#This Row],[QTD FÍSICA]]=AUDITORIA[[#This Row],[QTD SISTEMA]]),"SIM","NÃO")) -> SIM | V292: =IF(AUDITORIA[[#This Row],[CAT]]="",0,1) -> 1 | W292: 46141 | X292: =UPPER(IF(AUDITORIA[[#This Row],[DATA VERIFICAÇÃO]]="","",TEXT(AUDITORIA[[#This Row],[DATA VERIFICAÇÃO]],"mmm"))) -> ABR | Y292: Renato de Castro | Z292: Sergio Mench do Prado | AA292: Cláudio Mecenas
A293: UBS I | B293: GO | C293: 0101 | D293: 10 | E293: SOJA | F293: 11026715P1073 | G293: 761 I2X | J293: S2 | K293: P1 | L293: BG | M293: 30 | N293: 823 | O293: S2 | P293: 823 | Q293: 30 | U293: =IF(AUDITORIA[[#This Row],[QTD FÍSICA]]="","",IF(AND(AUDITORIA[[#This Row],[CAT]]=AUDITORIA[[#This Row],[CAT. FÍS.]],AUDITORIA[[#This Row],[QTD FÍSICA]]=AUDITORIA[[#This Row],[QTD SISTEMA]]),"SIM","NÃO")) -> SIM | V293: =IF(AUDITORIA[[#This Row],[CAT]]="",0,1) -> 1 | W293: 46141 | X293: =UPPER(IF(AUDITORIA[[#This Row],[DATA VERIFICAÇÃO]]="","",TEXT(AUDITORIA[[#This Row],[DATA VERIFICAÇÃO]],"mmm"))) -> ABR | Y293: Renato de Castro | Z293: Sergio Mench do Prado | AA293: Cláudio Mecenas
A294: UBS I | B294: GO | C294: 0101 | D294: 10 | E294: SOJA | F294: 11026715P1076 | G294: 761 I2X | J294: S2 | K294: P1 | L294: BG | M294: 30 | N294: 804 | O294: S2 | P294: 804 | Q294: 30 | U294: =IF(AUDITORIA[[#This Row],[QTD FÍSICA]]="","",IF(AND(AUDITORIA[[#This Row],[CAT]]=AUDITORIA[[#This Row],[CAT. FÍS.]],AUDITORIA[[#This Row],[QTD FÍSICA]]=AUDITORIA[[#This Row],[QTD SISTEMA]]),"SIM","NÃO")) -> SIM | V294: =IF(AUDITORIA[[#This Row],[CAT]]="",0,1) -> 1 | W294: 46141 | X294: =UPPER(IF(AUDITORIA[[#This Row],[DATA VERIFICAÇÃO]]="","",TEXT(AUDITORIA[[#This Row],[DATA VERIFICAÇÃO]],"mmm"))) -> ABR | Y294: Renato de Castro | Z294: Sergio Mench do Prado | AA294: Cláudio Mecenas
A295: UBS I | B295: GO | C295: 0101 | D295: 10 | E295: SOJA | F295: 11026715P1079 | G295: 761 I2X | J295: S2 | K295: P1 | L295: BG | M295: 30 | N295: 814 | O295: S2 | P295: 814 | Q295: 30 | U295: =IF(AUDITORIA[[#This Row],[QTD FÍSICA]]="","",IF(AND(AUDITORIA[[#This Row],[CAT]]=AUDITORIA[[#This Row],[CAT. FÍS.]],AUDITORIA[[#This Row],[QTD FÍSICA]]=AUDITORIA[[#This Row],[QTD SISTEMA]]),"SIM","NÃO")) -> SIM | V295: =IF(AUDITORIA[[#This Row],[CAT]]="",0,1) -> 1 | W295: 46141 | X295: =UPPER(IF(AUDITORIA[[#This Row],[DATA VERIFICAÇÃO]]="","",TEXT(AUDITORIA[[#This Row],[DATA VERIFICAÇÃO]],"mmm"))) -> ABR | Y295: Renato de Castro | Z295: Sergio Mench do Prado | AA295: Cláudio Mecenas
A296: UBS I | B296: GO | C296: 0101 | D296: 10 | E296: SOJA | F296: 11026715P1083 | G296: 761 I2X | J296: S2 | K296: P1 | L296: BG | M296: 30 | N296: 793 | O296: S2 | P296: 793 | Q296: 30 | U296: =IF(AUDITORIA[[#This Row],[QTD FÍSICA]]="","",IF(AND(AUDITORIA[[#This Row],[CAT]]=AUDITORIA[[#This Row],[CAT. FÍS.]],AUDITORIA[[#This Row],[QTD FÍSICA]]=AUDITORIA[[#This Row],[QTD SISTEMA]]),"SIM","NÃO")) -> SIM | V296: =IF(AUDITORIA[[#This Row],[CAT]]="",0,1) -> 1 | W296: 46141 | X296: =UPPER(IF(AUDITORIA[[#This Row],[DATA VERIFICAÇÃO]]="","",TEXT(AUDITORIA[[#This Row],[DATA VERIFICAÇÃO]],"mmm"))) -> ABR | Y296: Renato de Castro | Z296: Sergio Mench do Prado | AA296: Cláudio Mecenas
A297: UBS I | B297: GO | C297: 0101 | D297: 10 | E297: SOJA | F297: 11026715P1087 | G297: 761 I2X | J297: C1 | K297: P1 | L297: BG | M297: 30 | N297: 825 | O297: C1 | P297: 825 | Q297: 30 | U297: =IF(AUDITORIA[[#This Row],[QTD FÍSICA]]="","",IF(AND(AUDITORIA[[#This Row],[CAT]]=AUDITORIA[[#This Row],[CAT. FÍS.]],AUDITORIA[[#This Row],[QTD FÍSICA]]=AUDITORIA[[#This Row],[QTD SISTEMA]]),"SIM","NÃO")) -> SIM | V297: =IF(AUDITORIA[[#This Row],[CAT]]="",0,1) -> 1 | W297: 46141 | X297: =UPPER(IF(AUDITORIA[[#This Row],[DATA VERIFICAÇÃO]]="","",TEXT(AUDITORIA[[#This Row],[DATA VERIFICAÇÃO]],"mmm"))) -> ABR | Y297: Renato de Castro | Z297: Sergio Mench do Prado | AA297: Cláudio Mecenas
A298: UBS I | B298: GO | C298: 0101 | D298: 10 | E298: SOJA | F298: 11026715P1090 | G298: 761 I2X | J298: C1 | K298: P1 | L298: BG | M298: 12 | N298: 804 | O298: C1 | P298: 804 | Q298: 12 | U298: =IF(AUDITORIA[[#This Row],[QTD FÍSICA]]="","",IF(AND(AUDITORIA[[#This Row],[CAT]]=AUDITORIA[[#This Row],[CAT. FÍS.]],AUDITORIA[[#This Row],[QTD FÍSICA]]=AUDITORIA[[#This Row],[QTD SISTEMA]]),"SIM","NÃO")) -> SIM | V298: =IF(AUDITORIA[[#This Row],[CAT]]="",0,1) -> 1 | W298: 46141 | X298: =UPPER(IF(AUDITORIA[[#This Row],[DATA VERIFICAÇÃO]]="","",TEXT(AUDITORIA[[#This Row],[DATA VERIFICAÇÃO]],"mmm"))) -> ABR | Y298: Renato de Castro | Z298: Sergio Mench do Prado | AA298: Cláudio Mecenas
A299: UBS I | B299: GO | C299: 0101 | D299: 10 | E299: SOJA | F299: 11026715P1153 | G299: 761 I2X | J299: C1 | K299: P1 | L299: BG | M299: 30 | N299: 828 | O299: C1 | P299: 828 | Q299: 30 | U299: =IF(AUDITORIA[[#This Row],[QTD FÍSICA]]="","",IF(AND(AUDITORIA[[#This Row],[CAT]]=AUDITORIA[[#This Row],[CAT. FÍS.]],AUDITORIA[[#This Row],[QTD FÍSICA]]=AUDITORIA[[#This Row],[QTD SISTEMA]]),"SIM","NÃO")) -> SIM | V299: =IF(AUDITORIA[[#This Row],[CAT]]="",0,1) -> 1 | W299: 46141 | X299: =UPPER(IF(AUDITORIA[[#This Row],[DATA VERIFICAÇÃO]]="","",TEXT(AUDITORIA[[#This Row],[DATA VERIFICAÇÃO]],"mmm"))) -> ABR | Y299: Renato de Castro | Z299: Sergio Mench do Prado | AA299: Cláudio Mecenas
A300: UBS I | B300: GO | C300: 0101 | D300: 10 | E300: SOJA | F300: 11026715P1156 | G300: 761 I2X | J300: S2 | K300: P1 | L300: BG | M300: 30 | N300: 804 | O300: S2 | P300: 804 | Q300: 30 | U300: =IF(AUDITORIA[[#This Row],[QTD FÍSICA]]="","",IF(AND(AUDITORIA[[#This Row],[CAT]]=AUDITORIA[[#This Row],[CAT. FÍS.]],AUDITORIA[[#This Row],[QTD FÍSICA]]=AUDITORIA[[#This Row],[QTD SISTEMA]]),"SIM","NÃO")) -> SIM | V300: =IF(AUDITORIA[[#This Row],[CAT]]="",0,1) -> 1 | W300: 46141 | X300: =UPPER(IF(AUDITORIA[[#This Row],[DATA VERIFICAÇÃO]]="","",TEXT(AUDITORIA[[#This Row],[DATA VERIFICAÇÃO]],"mmm"))) -> ABR | Y300: Renato de Castro | Z300: Sergio Mench do Prado | AA300: Cláudio Mecenas
... A361: UBS I | B361: GO | C361: 0101 | D361: 10 | E361: SOJA | F361: 11026756P2236 | G361: C2810CE | J361: C1 | K361: P2 | L361: BG | M361: 12 | N361: 852 | O361: C1 | P361: 852 | Q361: 12 | U361: =IF(AUDITORIA[[#This Row],[QTD FÍSICA]]="","",IF(AND(AUDITORIA[[#This Row],[CAT]]=AUDITORIA[[#This Row],[CAT. FÍS.]],AUDITORIA[[#This Row],[QTD FÍSICA]]=AUDITORIA[[#This Row],[QTD SISTEMA]]),"SIM","NÃO")) -> SIM | V361: =IF(AUDITORIA[[#This Row],[CAT]]="",0,1) -> 1 | W361: 46141 | X361: =UPPER(IF(AUDITORIA[[#This Row],[DATA VERIFICAÇÃO]]="","",TEXT(AUDITORIA[[#This Row],[DATA VERIFICAÇÃO]],"mmm"))) -> ABR | Y361: Renato de Castro | Z361: Sergio Mench do Prado | AA361: Cláudio Mecenas
A362: UBS I | B362: GO | C362: 0101 | D362: 10 | E362: MILHO | F362: 242504306 | G362: CRV2874 PRO4 | J362: S1 | L362: SC | M362: 1 | O362: S1 | Q362: 1 | U362: =IF(AUDITORIA[[#This Row],[QTD FÍSICA]]="","",IF(AND(AUDITORIA[[#This Row],[CAT]]=AUDITORIA[[#This Row],[CAT. FÍS.]],AUDITORIA[[#This Row],[QTD FÍSICA]]=AUDITORIA[[#This Row],[QTD SISTEMA]]),"SIM","NÃO")) -> SIM | V362: =IF(AUDITORIA[[#This Row],[CAT]]="",0,1) -> 1 | W362: 46141 | X362: =UPPER(IF(AUDITORIA[[#This Row],[DATA VERIFICAÇÃO]]="","",TEXT(AUDITORIA[[#This Row],[DATA VERIFICAÇÃO]],"mmm"))) -> ABR | Y362: Renato de Castro | Z362: Sergio Mench do Prado | AA362: Cláudio Mecenas
A363: UBS I | B363: GO | C363: 0101 | D363: 10 | E363: MILHO | F363: CRV2I04002 | G363: CRV2874 PRO4 | J363: S1 | K363: R3L | L363: SC | M363: 61 | O363: S1 | Q363: 61 | U363: =IF(AUDITORIA[[#This Row],[QTD FÍSICA]]="","",IF(AND(AUDITORIA[[#This Row],[CAT]]=AUDITORIA[[#This Row],[CAT. FÍS.]],AUDITORIA[[#This Row],[QTD FÍSICA]]=AUDITORIA[[#This Row],[QTD SISTEMA]]),"SIM","NÃO")) -> SIM | V363: =IF(AUDITORIA[[#This Row],[CAT]]="",0,1) -> 1 | W363: 46141 | X363: =UPPER(IF(AUDITORIA[[#This Row],[DATA VERIFICAÇÃO]]="","",TEXT(AUDITORIA[[#This Row],[DATA VERIFICAÇÃO]],"mmm"))) -> ABR | Y363: Renato de Castro | Z363: Sergio Mench do Prado | AA363: Cláudio Mecenas
A364: UBS I | B364: GO | C364: 0101 | D364: 10 | E364: MILHO | F364: CRV2I04016 | G364: CRV2874 PRO4 | J364: S1 | K364: C3C | L364: SC | M364: 8 | O364: S1 | Q364: 8 | U364: =IF(AUDITORIA[[#This Row],[QTD FÍSICA]]="","",IF(AND(AUDITORIA[[#This Row],[CAT]]=AUDITORIA[[#This Row],[CAT. FÍS.]],AUDITORIA[[#This Row],[QTD FÍSICA]]=AUDITORIA[[#This Row],[QTD SISTEMA]]),"SIM","NÃO")) -> SIM | V364: =IF(AUDITORIA[[#This Row],[CAT]]="",0,1) -> 1 | W364: 46141 | X364: =UPPER(IF(AUDITORIA[[#This Row],[DATA VERIFICAÇÃO]]="","",TEXT(AUDITORIA[[#This Row],[DATA VERIFICAÇÃO]],"mmm"))) -> ABR | Y364: Renato de Castro | Z364: Sergio Mench do Prado | AA364: Cláudio Mecenas
A365: UBS I | B365: GO | C365: 0101 | D365: 10 | E365: MILHO | F365: CRV2I04018 | G365: CRV2874 PRO4 | J365: S1 | K365: R4C | L365: SC | M365: 16 | O365: S1 | Q365: 16 | U365: =IF(AUDITORIA[[#This Row],[QTD FÍSICA]]="","",IF(AND(AUDITORIA[[#This Row],[CAT]]=AUDITORIA[[#This Row],[CAT. FÍS.]],AUDITORIA[[#This Row],[QTD FÍSICA]]=AUDITORIA[[#This Row],[QTD SISTEMA]]),"SIM","NÃO")) -> SIM | V365: =IF(AUDITORIA[[#This Row],[CAT]]="",0,1) -> 1 | W365: 46141 | X365: =UPPER(IF(AUDITORIA[[#This Row],[DATA VERIFICAÇÃO]]="","",TEXT(AUDITORIA[[#This Row],[DATA VERIFICAÇÃO]],"mmm"))) -> ABR | Y365: Renato de Castro | Z365: Sergio Mench do Prado | AA365: Cláudio Mecenas
A366: UBS I | B366: GO | C366: 0101 | D366: 10 | E366: MILHO | F366: CRV2I04020 | G366: CRV2874 PRO4 | J366: S1 | K366: C4C | L366: SC | M366: 36 | O366: S1 | Q366: 36 | U366: =IF(AUDITORIA[[#This Row],[QTD FÍSICA]]="","",IF(AND(AUDITORIA[[#This Row],[CAT]]=AUDITORIA[[#This Row],[CAT. FÍS.]],AUDITORIA[[#This Row],[QTD FÍSICA]]=AUDITORIA[[#This Row],[QTD SISTEMA]]),"SIM","NÃO")) -> SIM | V366: =IF(AUDITORIA[[#This Row],[CAT]]="",0,1) -> 1 | W366: 46141 | X366: =UPPER(IF(AUDITORIA[[#This Row],[DATA VERIFICAÇÃO]]="","",TEXT(AUDITORIA[[#This Row],[DATA VERIFICAÇÃO]],"mmm"))) -> ABR | Y366: Renato de Castro | Z366: Sergio Mench do Prado | AA366: Cláudio Mecenas
A367: UBS I | B367: GO | C367: 0101 | D367: 10 | E367: MILHO | F367: CRV2I04021 | G367: CRV2874 PRO4 | J367: S1 | K367: R5C | L367: SC | M367: 11 | O367: S1 | Q367: 11 | U367: =IF(AUDITORIA[[#This Row],[QTD FÍSICA]]="","",IF(AND(AUDITORIA[[#This Row],[CAT]]=AUDITORIA[[#This Row],[CAT. FÍS.]],AUDITORIA[[#This Row],[QTD FÍSICA]]=AUDITORIA[[#This Row],[QTD SISTEMA]]),"SIM","NÃO")) -> SIM | V367: =IF(AUDITORIA[[#This Row],[CAT]]="",0,1) -> 1 | W367: 46141 | X367: =UPPER(IF(AUDITORIA[[#This Row],[DATA VERIFICAÇÃO]]="","",TEXT(AUDITORIA[[#This Row],[DATA VERIFICAÇÃO]],"mmm"))) -> ABR | Y367: Renato de Castro | Z367: Sergio Mench do Prado | AA367: Cláudio Mecenas
A368: UBS I | B368: GO | C368: 0101 | D368: 10 | E368: MILHO | F368: CRV2I04022 | G368: CRV2874 PRO4 | J368: S1 | K368: C5L | L368: SC | M368: 23 | O368: S1 | Q368: 23 | U368: =IF(AUDITORIA[[#This Row],[QTD FÍSICA]]="","",IF(AND(AUDITORIA[[#This Row],[CAT]]=AUDITORIA[[#This Row],[CAT. FÍS.]],AUDITORIA[[#This Row],[QTD FÍSICA]]=AUDITORIA[[#This Row],[QTD SISTEMA]]),"SIM","NÃO")) -> SIM | V368: =IF(AUDITORIA[[#This Row],[CAT]]="",0,1) -> 1 | W368: 46141 | X368: =UPPER(IF(AUDITORIA[[#This Row],[DATA VERIFICAÇÃO]]="","",TEXT(AUDITORIA[[#This Row],[DATA VERIFICAÇÃO]],"mmm"))) -> ABR | Y368: Renato de Castro | Z368: Sergio Mench do Prado | AA368: Cláudio Mecenas
A369: UBS I | B369: GO | C369: 0101 | D369: 10 | E369: MILHO | F369: CRV2I04025 | G369: CRV2874 PRO4 | J369: S1 | K369: C5C | L369: SC | M369: 3 | O369: S1 | Q369: 3 | U369: =IF(AUDITORIA[[#This Row],[QTD FÍSICA]]="","",IF(AND(AUDITORIA[[#This Row],[CAT]]=AUDITORIA[[#This Row],[CAT. FÍS.]],AUDITORIA[[#This Row],[QTD FÍSICA]]=AUDITORIA[[#This Row],[QTD SISTEMA]]),"SIM","NÃO")) -> SIM | V369: =IF(AUDITORIA[[#This Row],[CAT]]="",0,1) -> 1 | W369: 46141 | X369: =UPPER(IF(AUDITORIA[[#This Row],[DATA VERIFICAÇÃO]]="","",TEXT(AUDITORIA[[#This Row],[DATA VERIFICAÇÃO]],"mmm"))) -> ABR | Y369: Renato de Castro | Z369: Sergio Mench do Prado | AA369: Cláudio Mecenas
A370: UBS I | B370: GO | C370: 0101 | D370: 10 | E370: MILHO | F370: CRV2I05007 | G370: CRV2874 PRO4 | J370: S1 | K370: R4C | L370: SC | M370: 87 | O370: S1 | Q370: 87 | U370: =IF(AUDITORIA[[#This Row],[QTD FÍSICA]]="","",IF(AND(AUDITORIA[[#This Row],[CAT]]=AUDITORIA[[#This Row],[CAT. FÍS.]],AUDITORIA[[#This Row],[QTD FÍSICA]]=AUDITORIA[[#This Row],[QTD SISTEMA]]),"SIM","NÃO")) -> SIM | V370: =IF(AUDITORIA[[#This Row],[CAT]]="",0,1) -> 1 | W370: 46141 | X370: =UPPER(IF(AUDITORIA[[#This Row],[DATA VERIFICAÇÃO]]="","",TEXT(AUDITORIA[[#This Row],[DATA VERIFICAÇÃO]],"mmm"))) -> ABR | Y370: Renato de Castro | Z370: Sergio Mench do Prado | AA370: Cláudio Mecenas
A371: UBS I | B371: GO | C371: 0101 | D371: 10 | E371: MILHO | F371: CRV2I05010 | G371: CRV2874 PRO4 | J371: S1 | L371: SC | M371: 305 | O371: S1 | Q371: 305 | U371: =IF(AUDITORIA[[#This Row],[QTD FÍSICA]]="","",IF(AND(AUDITORIA[[#This Row],[CAT]]=AUDITORIA[[#This Row],[CAT. FÍS.]],AUDITORIA[[#This Row],[QTD FÍSICA]]=AUDITORIA[[#This Row],[QTD SISTEMA]]),"SIM","NÃO")) -> SIM | V371: =IF(AUDITORIA[[#This Row],[CAT]]="",0,1) -> 1 | W371: 46141 | X371: =UPPER(IF(AUDITORIA[[#This Row],[DATA VERIFICAÇÃO]]="","",TEXT(AUDITORIA[[#This Row],[DATA VERIFICAÇÃO]],"mmm"))) -> ABR | Y371: Renato de Castro | Z371: Sergio Mench do Prado | AA371: Cláudio Mecenas
A372: UBS I | B372: GO | C372: 0101 | D372: 10 | E372: MILHO | F372: CRV2I05012 | G372: CRV2874 PRO4 | J372: S1 | K372: C5L | L372: SC | M372: 204 | O372: S1 | Q372: 204 | U372: =IF(AUDITORIA[[#This Row],[QTD FÍSICA]]="","",IF(AND(AUDITORIA[[#This Row],[CAT]]=AUDITORIA[[#This Row],[CAT. FÍS.]],AUDITORIA[[#This Row],[QTD FÍSICA]]=AUDITORIA[[#This Row],[QTD SISTEMA]]),"SIM","NÃO")) -> SIM | V372: =IF(AUDITORIA[[#This Row],[CAT]]="",0,1) -> 1 | W372: 46141 | X372: =UPPER(IF(AUDITORIA[[#This Row],[DATA VERIFICAÇÃO]]="","",TEXT(AUDITORIA[[#This Row],[DATA VERIFICAÇÃO]],"mmm"))) -> ABR | Y372: Renato de Castro | Z372: Sergio Mench do Prado | AA372: Cláudio Mecenas
A373: UBS I | B373: GO | C373: 0101 | D373: 10 | E373: MILHO | F373: CRV2I05014 | G373: CRV2874 PRO4 | J373: S1 | K373: C3L | L373: SC | M373: 12 | O373: S1 | Q373: 12 | U373: =IF(AUDITORIA[[#This Row],[QTD FÍSICA]]="","",IF(AND(AUDITORIA[[#This Row],[CAT]]=AUDITORIA[[#This Row],[CAT. FÍS.]],AUDITORIA[[#This Row],[QTD FÍSICA]]=AUDITORIA[[#This Row],[QTD SISTEMA]]),"SIM","NÃO")) -> SIM | V373: =IF(AUDITORIA[[#This Row],[CAT]]="",0,1) -> 1 | W373: 46141 | X373: =UPPER(IF(AUDITORIA[[#This Row],[DATA VERIFICAÇÃO]]="","",TEXT(AUDITORIA[[#This Row],[DATA VERIFICAÇÃO]],"mmm"))) -> ABR | Y373: Renato de Castro | Z373: Sergio Mench do Prado | AA373: Cláudio Mecenas
A374: UBS I | B374: GO | C374: 0101 | D374: 10 | E374: MILHO | F374: CRV2I05016 | G374: CRV2874 PRO4 | J374: S1 | K374: C4L | L374: SC | M374: 162 | O374: S1 | Q374: 162 | U374: =IF(AUDITORIA[[#This Row],[QTD FÍSICA]]="","",IF(AND(AUDITORIA[[#This Row],[CAT]]=AUDITORIA[[#This Row],[CAT. FÍS.]],AUDITORIA[[#This Row],[QTD FÍSICA]]=AUDITORIA[[#This Row],[QTD SISTEMA]]),"SIM","NÃO")) -> SIM | V374: =IF(AUDITORIA[[#This Row],[CAT]]="",0,1) -> 1 | W374: 46141 | X374: =UPPER(IF(AUDITORIA[[#This Row],[DATA VERIFICAÇÃO]]="","",TEXT(AUDITORIA[[#This Row],[DATA VERIFICAÇÃO]],"mmm"))) -> ABR | Y374: Renato de Castro | Z374: Sergio Mench do Prado | AA374: Cláudio Mecenas
A375: UBS I | B375: GO | C375: 0101 | D375: 10 | E375: MILHO | F375: CRV2I410TC | G375: CRV2874 PRO4 | J375: S1 | K375: R5L | L375: SC | M375: 1 | O375: S1 | Q375: 1 | U375: =IF(AUDITORIA[[#This Row],[QTD FÍSICA]]="","",IF(AND(AUDITORIA[[#This Row],[CAT]]=AUDITORIA[[#This Row],[CAT. FÍS.]],AUDITORIA[[#This Row],[QTD FÍSICA]]=AUDITORIA[[#This Row],[QTD SISTEMA]]),"SIM","NÃO")) -> SIM | V375: =IF(AUDITORIA[[#This Row],[CAT]]="",0,1) -> 1 | W375: 46141 | X375: =UPPER(IF(AUDITORIA[[#This Row],[DATA VERIFICAÇÃO]]="","",TEXT(AUDITORIA[[#This Row],[DATA VERIFICAÇÃO]],"mmm"))) -> ABR | Y375: Renato de Castro | Z375: Sergio Mench do Prado | AA375: Cláudio Mecenas
A376: UBS I | B376: GO | C376: 0101 | D376: 10 | E376: SOJA | F376: 11026739P1001 | G376: NEO700 I2X | J376: C2 | K376: P1 | L376: BG | M376: 27 | N376: 923 | O376: C2 | P376: 923 | Q376: 27 | U376: =IF(AUDITORIA[[#This Row],[QTD FÍSICA]]="","",IF(AND(AUDITORIA[[#This Row],[CAT]]=AUDITORIA[[#This Row],[CAT. FÍS.]],AUDITORIA[[#This Row],[QTD FÍSICA]]=AUDITORIA[[#This Row],[QTD SISTEMA]]),"SIM","NÃO")) -> SIM | V376: =IF(AUDITORIA[[#This Row],[CAT]]="",0,1) -> 1 | W376: 46141 | X376: =UPPER(IF(AUDITORIA[[#This Row],[DATA VERIFICAÇÃO]]="","",TEXT(AUDITORIA[[#This Row],[DATA VERIFICAÇÃO]],"mmm"))) -> ABR | Y376: Renato de Castro | Z376: Sergio Mench do Prado | AA376: Cláudio Mecenas
A377: UBS I | B377: GO | C377: 0101 | D377: 10 | E377: SOJA | F377: 11026739P1003 | G377: NEO700 I2X | J377: C2 | K377: P1 | L377: BG | M377: 30 | N377: 868 | O377: C2 | P377: 868 | Q377: 30 | U377: =IF(AUDITORIA[[#This Row],[QTD FÍSICA]]="","",IF(AND(AUDITORIA[[#This Row],[CAT]]=AUDITORIA[[#This Row],[CAT. FÍS.]],AUDITORIA[[#This Row],[QTD FÍSICA]]=AUDITORIA[[#This Row],[QTD SISTEMA]]),"SIM","NÃO")) -> SIM | V377: =IF(AUDITORIA[[#This Row],[CAT]]="",0,1) -> 1 | W377: 46141 | X377: =UPPER(IF(AUDITORIA[[#This Row],[DATA VERIFICAÇÃO]]="","",TEXT(AUDITORIA[[#This Row],[DATA VERIFICAÇÃO]],"mmm"))) -> ABR | Y377: Renato de Castro | Z377: Sergio Mench do Prado | AA377: Cláudio Mecenas
A378: UBS I | B378: GO | C378: 0101 | D378: 10 | E378: SOJA | F378: 11026739P1004 | G378: NEO700 I2X | J378: C2 | K378: P1 | L378: BG | M378: 30 | N378: 782 | O378: C2 | P378: 782 | Q378: 30 | U378: =IF(AUDITORIA[[#This Row],[QTD FÍSICA]]="","",IF(AND(AUDITORIA[[#This Row],[CAT]]=AUDITORIA[[#This Row],[CAT. FÍS.]],AUDITORIA[[#This Row],[QTD FÍSICA]]=AUDITORIA[[#This Row],[QTD SISTEMA]]),"SIM","NÃO")) -> SIM | V378: =IF(AUDITORIA[[#This Row],[CAT]]="",0,1) -> 1 | W378: 46141 | X378: =UPPER(IF(AUDITORIA[[#This Row],[DATA VERIFICAÇÃO]]="","",TEXT(AUDITORIA[[#This Row],[DATA VERIFICAÇÃO]],"mmm"))) -> ABR | Y378: Renato de Castro | Z378: Sergio Mench do Prado | AA378: Cláudio Mecenas
A379: UBS I | B379: GO | C379: 0101 | D379: 10 | E379: SOJA | F379: 11026739P1006 | G379: NEO700 I2X | J379: C2 | K379: P1 | L379: BG | M379: 30 | N379: 795 | O379: C2 | P379: 795 | Q379: 30 | U379: =IF(AUDITORIA[[#This Row],[QTD FÍSICA]]="","",IF(AND(AUDITORIA[[#This Row],[CAT]]=AUDITORIA[[#This Row],[CAT. FÍS.]],AUDITORIA[[#This Row],[QTD FÍSICA]]=AUDITORIA[[#This Row],[QTD SISTEMA]]),"SIM","NÃO")) -> SIM | V379: =IF(AUDITORIA[[#This Row],[CAT]]="",0,1) -> 1 | W379: 46141 | X379: =UPPER(IF(AUDITORIA[[#This Row],[DATA VERIFICAÇÃO]]="","",TEXT(AUDITORIA[[#This Row],[DATA VERIFICAÇÃO]],"mmm"))) -> ABR | Y379: Renato de Castro | Z379: Sergio Mench do Prado | AA379: Cláudio Mecenas
A380: UBS I | B380: GO | C380: 0101 | D380: 10 | E380: SOJA | F380: 11026739P1007 | G380: NEO700 I2X | J380: C2 | K380: P1 | L380: BG | M380: 30 | N380: 790 | O380: C2 | P380: 790 | Q380: 30 | U380: =IF(AUDITORIA[[#This Row],[QTD FÍSICA]]="","",IF(AND(AUDITORIA[[#This Row],[CAT]]=AUDITORIA[[#This Row],[CAT. FÍS.]],AUDITORIA[[#This Row],[QTD FÍSICA]]=AUDITORIA[[#This Row],[QTD SISTEMA]]),"SIM","NÃO")) -> SIM | V380: =IF(AUDITORIA[[#This Row],[CAT]]="",0,1) -> 1 | W380: 46141 | X380: =UPPER(IF(AUDITORIA[[#This Row],[DATA VERIFICAÇÃO]]="","",TEXT(AUDITORIA[[#This Row],[DATA VERIFICAÇÃO]],"mmm"))) -> ABR | Y380: Renato de Castro | Z380: Sergio Mench do Prado | AA380: Cláudio Mecenas
A381: UBS I | B381: GO | C381: 0101 | D381: 10 | E381: SOJA | F381: 11026739P1009 | G381: NEO700 I2X | J381: C2 | K381: P1 | L381: BG | M381: 30 | N381: 791 | O381: C2 | P381: 791 | Q381: 30 | U381: =IF(AUDITORIA[[#This Row],[QTD FÍSICA]]="","",IF(AND(AUDITORIA[[#This Row],[CAT]]=AUDITORIA[[#This Row],[CAT. FÍS.]],AUDITORIA[[#This Row],[QTD FÍSICA]]=AUDITORIA[[#This Row],[QTD SISTEMA]]),"SIM","NÃO")) -> SIM | V381: =IF(AUDITORIA[[#This Row],[CAT]]="",0,1) -> 1 | W381: 46141 | X381: =UPPER(IF(AUDITORIA[[#This Row],[DATA VERIFICAÇÃO]]="","",TEXT(AUDITORIA[[#This Row],[DATA VERIFICAÇÃO]],"mmm"))) -> ABR | Y381: Renato de Castro | Z381: Sergio Mench do Prado | AA381: Cláudio Mecenas
A382: UBS I | B382: GO | C382: 0101 | D382: 10 | E382: SOJA | F382: 11026739P1010 | G382: NEO700 I2X | J382: C2 | K382: P1 | L382: BG | M382: 30 | N382: 790 | O382: C2 | P382: 790 | Q382: 30 | U382: =IF(AUDITORIA[[#This Row],[QTD FÍSICA]]="","",IF(AND(AUDITORIA[[#This Row],[CAT]]=AUDITORIA[[#This Row],[CAT. FÍS.]],AUDITORIA[[#This Row],[QTD FÍSICA]]=AUDITORIA[[#This Row],[QTD SISTEMA]]),"SIM","NÃO")) -> SIM | V382: =IF(AUDITORIA[[#This Row],[CAT]]="",0,1) -> 1 | W382: 46141 | X382: =UPPER(IF(AUDITORIA[[#This Row],[DATA VERIFICAÇÃO]]="","",TEXT(AUDITORIA[[#This Row],[DATA VERIFICAÇÃO]],"mmm"))) -> ABR | Y382: Renato de Castro | Z382: Sergio Mench do Prado | AA382: Cláudio Mecenas
A383: UBS I | B383: GO | C383: 0101 | D383: 10 | E383: SOJA | F383: 11026739P1012 | G383: NEO700 I2X | J383: C2 | K383: P1 | L383: BG | M383: 30 | N383: 775 | O383: C2 | P383: 775 | Q383: 30 | U383: =IF(AUDITORIA[[#This Row],[QTD FÍSICA]]="","",IF(AND(AUDITORIA[[#This Row],[CAT]]=AUDITORIA[[#This Row],[CAT. FÍS.]],AUDITORIA[[#This Row],[QTD FÍSICA]]=AUDITORIA[[#This Row],[QTD SISTEMA]]),"SIM","NÃO")) -> SIM | V383: =IF(AUDITORIA[[#This Row],[CAT]]="",0,1) -> 1 | W383: 46141 | X383: =UPPER(IF(AUDITORIA[[#This Row],[DATA VERIFICAÇÃO]]="","",TEXT(AUDITORIA[[#This Row],[DATA VERIFICAÇÃO]],"mmm"))) -> ABR | Y383: Renato de Castro | Z383: Sergio Mench do Prado | AA383: Cláudio Mecenas
A384: UBS I | B384: GO | C384: 0101 | D384: 10 | E384: SOJA | F384: 11026739P1014 | G384: NEO700 I2X | J384: C2 | K384: P1 | L384: BG | M384: 30 | N384: 800 | O384: C2 | P384: 800 | Q384: 30 | U384: =IF(AUDITORIA[[#This Row],[QTD FÍSICA]]="","",IF(AND(AUDITORIA[[#This Row],[CAT]]=AUDITORIA[[#This Row],[CAT. FÍS.]],AUDITORIA[[#This Row],[QTD FÍSICA]]=AUDITORIA[[#This Row],[QTD SISTEMA]]),"SIM","NÃO")) -> SIM | V384: =IF(AUDITORIA[[#This Row],[CAT]]="",0,1) -> 1 | W384: 46141 | X384: =UPPER(IF(AUDITORIA[[#This Row],[DATA VERIFICAÇÃO]]="","",TEXT(AUDITORIA[[#This Row],[DATA VERIFICAÇÃO]],"mmm"))) -> ABR | Y384: Renato de Castro | Z384: Sergio Mench do Prado | AA384: Cláudio Mecenas
A385: UBS I | B385: GO | C385: 0101 | D385: 10 | E385: SOJA | F385: 11026739P1015 | G385: NEO700 I2X | J385: C2 | K385: P1 | L385: BG | M385: 30 | N385: 787 | O385: C2 | P385: 787 | Q385: 30 | U385: =IF(AUDITORIA[[#This Row],[QTD FÍSICA]]="","",IF(AND(AUDITORIA[[#This Row],[CAT]]=AUDITORIA[[#This Row],[CAT. FÍS.]],AUDITORIA[[#This Row],[QTD FÍSICA]]=AUDITORIA[[#This Row],[QTD SISTEMA]]),"SIM","NÃO")) -> SIM | V385: =IF(AUDITORIA[[#This Row],[CAT]]="",0,1) -> 1 | W385: 46141 | X385: =UPPER(IF(AUDITORIA[[#This Row],[DATA VERIFICAÇÃO]]="","",TEXT(AUDITORIA[[#This Row],[DATA VERIFICAÇÃO]],"mmm"))) -> ABR | Y385: Renato de Castro | Z385: Sergio Mench do Prado | AA385: Cláudio Mecenas
A386: UBS I | B386: GO | C386: 0101 | D386: 10 | E386: SOJA | F386: 11026739P1017 | G386: NEO700 I2X | J386: C2 | K386: P1 | L386: BG | M386: 30 | N386: 798 | O386: C2 | P386: 798 | Q386: 30 | U386: =IF(AUDITORIA[[#This Row],[QTD FÍSICA]]="","",IF(AND(AUDITORIA[[#This Row],[CAT]]=AUDITORIA[[#This Row],[CAT. FÍS.]],AUDITORIA[[#This Row],[QTD FÍSICA]]=AUDITORIA[[#This Row],[QTD SISTEMA]]),"SIM","NÃO")) -> SIM | V386: =IF(AUDITORIA[[#This Row],[CAT]]="",0,1) -> 1 | W386: 46141 | X386: =UPPER(IF(AUDITORIA[[#This Row],[DATA VERIFICAÇÃO]]="","",TEXT(AUDITORIA[[#This Row],[DATA VERIFICAÇÃO]],"mmm"))) -> ABR | Y386: Renato de Castro | Z386: Sergio Mench do Prado | AA386: Cláudio Mecenas
A387: UBS I | B387: GO | C387: 0101 | D387: 10 | E387: SOJA | F387: 11026739P1018 | G387: NEO700 I2X | J387: C2 | K387: P1 | L387: BG | M387: 30 | N387: 804 | O387: C2 | P387: 804 | Q387: 30 | U387: =IF(AUDITORIA[[#This Row],[QTD FÍSICA]]="","",IF(AND(AUDITORIA[[#This Row],[CAT]]=AUDITORIA[[#This Row],[CAT. FÍS.]],AUDITORIA[[#This Row],[QTD FÍSICA]]=AUDITORIA[[#This Row],[QTD SISTEMA]]),"SIM","NÃO")) -> SIM | V387: =IF(AUDITORIA[[#This Row],[CAT]]="",0,1) -> 1 | W387: 46141 | X387: =UPPER(IF(AUDITORIA[[#This Row],[DATA VERIFICAÇÃO]]="","",TEXT(AUDITORIA[[#This Row],[DATA VERIFICAÇÃO]],"mmm"))) -> ABR | Y387: Renato de Castro | Z387: Sergio Mench do Prado | AA387: Cláudio Mecenas
... A617: UBS I | B617: GO | C617: 0101 | D617: 10 | E617: SOJA | F617: 11026273P2316 | G617: O800 I2X | J617: S1 | K617: P2 | L617: BG | M617: 30 | N617: 828 | O617: S1 | P617: 828 | Q617: 30 | U617: =IF(AUDITORIA[[#This Row],[QTD FÍSICA]]="","",IF(AND(AUDITORIA[[#This Row],[CAT]]=AUDITORIA[[#This Row],[CAT. FÍS.]],AUDITORIA[[#This Row],[QTD FÍSICA]]=AUDITORIA[[#This Row],[QTD SISTEMA]]),"SIM","NÃO")) -> SIM | V617: =IF(AUDITORIA[[#This Row],[CAT]]="",0,1) -> 1 | W617: 46141 | X617: =UPPER(IF(AUDITORIA[[#This Row],[DATA VERIFICAÇÃO]]="","",TEXT(AUDITORIA[[#This Row],[DATA VERIFICAÇÃO]],"mmm"))) -> ABR | Y617: Renato de Castro | Z617: Sergio Mench do Prado | AA617: Cláudio Mecenas
A618: UBS I | B618: GO | C618: 0101 | D618: 10 | E618: MILHO | F618: 34Z35501PB | G618: SS183E VIP3 | J618: S1 | K618: R4C | L618: BG | M618: 3 | O618: S1 | Q618: 3 | U618: =IF(AUDITORIA[[#This Row],[QTD FÍSICA]]="","",IF(AND(AUDITORIA[[#This Row],[CAT]]=AUDITORIA[[#This Row],[CAT. FÍS.]],AUDITORIA[[#This Row],[QTD FÍSICA]]=AUDITORIA[[#This Row],[QTD SISTEMA]]),"SIM","NÃO")) -> SIM | V618: =IF(AUDITORIA[[#This Row],[CAT]]="",0,1) -> 1 | W618: 46141 | X618: =UPPER(IF(AUDITORIA[[#This Row],[DATA VERIFICAÇÃO]]="","",TEXT(AUDITORIA[[#This Row],[DATA VERIFICAÇÃO]],"mmm"))) -> ABR | Y618: Renato de Castro | Z618: Sergio Mench do Prado | AA618: Cláudio Mecenas
A619: UBS I | B619: GO | C619: 0101 | D619: 10 | E619: MILHO | F619: 44X35501ON | G619: SS183E VIP3 | J619: S1 | K619: C4C | L619: BG | M619: 14 | O619: S1 | Q619: 14 | U619: =IF(AUDITORIA[[#This Row],[QTD FÍSICA]]="","",IF(AND(AUDITORIA[[#This Row],[CAT]]=AUDITORIA[[#This Row],[CAT. FÍS.]],AUDITORIA[[#This Row],[QTD FÍSICA]]=AUDITORIA[[#This Row],[QTD SISTEMA]]),"SIM","NÃO")) -> SIM | V619: =IF(AUDITORIA[[#This Row],[CAT]]="",0,1) -> 1 | W619: 46141 | X619: =UPPER(IF(AUDITORIA[[#This Row],[DATA VERIFICAÇÃO]]="","",TEXT(AUDITORIA[[#This Row],[DATA VERIFICAÇÃO]],"mmm"))) -> ABR | Y619: Renato de Castro | Z619: Sergio Mench do Prado | AA619: Cláudio Mecenas
A620: UBS I | B620: GO | C620: 0101 | D620: 10 | E620: MILHO | F620: 44X35505ON | G620: SS183E VIP3 | J620: S1 | K620: C4C | L620: BG | M620: 14 | O620: S1 | Q620: 14 | U620: =IF(AUDITORIA[[#This Row],[QTD FÍSICA]]="","",IF(AND(AUDITORIA[[#This Row],[CAT]]=AUDITORIA[[#This Row],[CAT. FÍS.]],AUDITORIA[[#This Row],[QTD FÍSICA]]=AUDITORIA[[#This Row],[QTD SISTEMA]]),"SIM","NÃO")) -> SIM | V620: =IF(AUDITORIA[[#This Row],[CAT]]="",0,1) -> 1 | W620: 46141 | X620: =UPPER(IF(AUDITORIA[[#This Row],[DATA VERIFICAÇÃO]]="","",TEXT(AUDITORIA[[#This Row],[DATA VERIFICAÇÃO]],"mmm"))) -> ABR | Y620: Renato de Castro | Z620: Sergio Mench do Prado | AA620: Cláudio Mecenas
A621: UBS I | B621: GO | C621: 0101 | D621: 10 | E621: MILHO | F621: 44X35506ON | G621: SS183E VIP3 | J621: S1 | K621: C4C | L621: BG | M621: 9 | O621: S1 | Q621: 9 | U621: =IF(AUDITORIA[[#This Row],[QTD FÍSICA]]="","",IF(AND(AUDITORIA[[#This Row],[CAT]]=AUDITORIA[[#This Row],[CAT. FÍS.]],AUDITORIA[[#This Row],[QTD FÍSICA]]=AUDITORIA[[#This Row],[QTD SISTEMA]]),"SIM","NÃO")) -> SIM | V621: =IF(AUDITORIA[[#This Row],[CAT]]="",0,1) -> 1 | W621: 46141 | X621: =UPPER(IF(AUDITORIA[[#This Row],[DATA VERIFICAÇÃO]]="","",TEXT(AUDITORIA[[#This Row],[DATA VERIFICAÇÃO]],"mmm"))) -> ABR | Y621: Renato de Castro | Z621: Sergio Mench do Prado | AA621: Cláudio Mecenas
A622: UBS I | B622: GO | C622: 0101 | D622: 10 | E622: MILHO | F622: 44X35518ON | G622: SS183E VIP3 | J622: S1 | K622: R4M | L622: BG | M622: 1 | O622: S1 | Q622: 1 | U622: =IF(AUDITORIA[[#This Row],[QTD FÍSICA]]="","",IF(AND(AUDITORIA[[#This Row],[CAT]]=AUDITORIA[[#This Row],[CAT. FÍS.]],AUDITORIA[[#This Row],[QTD FÍSICA]]=AUDITORIA[[#This Row],[QTD SISTEMA]]),"SIM","NÃO")) -> SIM | V622: =IF(AUDITORIA[[#This Row],[CAT]]="",0,1) -> 1 | W622: 46141 | X622: =UPPER(IF(AUDITORIA[[#This Row],[DATA VERIFICAÇÃO]]="","",TEXT(AUDITORIA[[#This Row],[DATA VERIFICAÇÃO]],"mmm"))) -> ABR | Y622: Renato de Castro | Z622: Sergio Mench do Prado | AA622: Cláudio Mecenas
A623: UBS I | B623: GO | C623: 0101 | D623: 10 | E623: MILHO | F623: 46W35006ON | G623: SS183E VIP3 | J623: S1 | K623: C3M | L623: BG | M623: 9 | O623: S1 | Q623: 9 | U623: =IF(AUDITORIA[[#This Row],[QTD FÍSICA]]="","",IF(AND(AUDITORIA[[#This Row],[CAT]]=AUDITORIA[[#This Row],[CAT. FÍS.]],AUDITORIA[[#This Row],[QTD FÍSICA]]=AUDITORIA[[#This Row],[QTD SISTEMA]]),"SIM","NÃO")) -> SIM | V623: =IF(AUDITORIA[[#This Row],[CAT]]="",0,1) -> 1 | W623: 46141 | X623: =UPPER(IF(AUDITORIA[[#This Row],[DATA VERIFICAÇÃO]]="","",TEXT(AUDITORIA[[#This Row],[DATA VERIFICAÇÃO]],"mmm"))) -> ABR | Y623: Renato de Castro | Z623: Sergio Mench do Prado | AA623: Cláudio Mecenas
A624: UBS I | B624: GO | C624: 0101 | D624: 10 | E624: MILHO | F624: 46W35008ON | G624: SS183E VIP3 | J624: S1 | K624: R4M | L624: BG | M624: 10 | O624: S1 | Q624: 10 | U624: =IF(AUDITORIA[[#This Row],[QTD FÍSICA]]="","",IF(AND(AUDITORIA[[#This Row],[CAT]]=AUDITORIA[[#This Row],[CAT. FÍS.]],AUDITORIA[[#This Row],[QTD FÍSICA]]=AUDITORIA[[#This Row],[QTD SISTEMA]]),"SIM","NÃO")) -> SIM | V624: =IF(AUDITORIA[[#This Row],[CAT]]="",0,1) -> 1 | W624: 46141 | X624: =UPPER(IF(AUDITORIA[[#This Row],[DATA VERIFICAÇÃO]]="","",TEXT(AUDITORIA[[#This Row],[DATA VERIFICAÇÃO]],"mmm"))) -> ABR | Y624: Renato de Castro | Z624: Sergio Mench do Prado | AA624: Cláudio Mecenas
A625: UBS I | B625: GO | C625: 0101 | D625: 10 | E625: MILHO | F625: 46W35015ON | G625: SS183E VIP3 | J625: S1 | K625: R4C | L625: SC | M625: 881 | O625: S1 | Q625: 881 | U625: =IF(AUDITORIA[[#This Row],[QTD FÍSICA]]="","",IF(AND(AUDITORIA[[#This Row],[CAT]]=AUDITORIA[[#This Row],[CAT. FÍS.]],AUDITORIA[[#This Row],[QTD FÍSICA]]=AUDITORIA[[#This Row],[QTD SISTEMA]]),"SIM","NÃO")) -> SIM | V625: =IF(AUDITORIA[[#This Row],[CAT]]="",0,1) -> 1 | W625: 46141 | X625: =UPPER(IF(AUDITORIA[[#This Row],[DATA VERIFICAÇÃO]]="","",TEXT(AUDITORIA[[#This Row],[DATA VERIFICAÇÃO]],"mmm"))) -> ABR | Y625: Renato de Castro | Z625: Sergio Mench do Prado | AA625: Cláudio Mecenas
A626: UBS I | B626: GO | C626: 0101 | D626: 10 | E626: MILHO | F626: 46W35016ON | G626: SS183E VIP3 | J626: S1 | K626: R4M | L626: SC | M626: 466 | O626: S1 | Q626: 466 | U626: =IF(AUDITORIA[[#This Row],[QTD FÍSICA]]="","",IF(AND(AUDITORIA[[#This Row],[CAT]]=AUDITORIA[[#This Row],[CAT. FÍS.]],AUDITORIA[[#This Row],[QTD FÍSICA]]=AUDITORIA[[#This Row],[QTD SISTEMA]]),"SIM","NÃO")) -> SIM | V626: =IF(AUDITORIA[[#This Row],[CAT]]="",0,1) -> 1 | W626: 46141 | X626: =UPPER(IF(AUDITORIA[[#This Row],[DATA VERIFICAÇÃO]]="","",TEXT(AUDITORIA[[#This Row],[DATA VERIFICAÇÃO]],"mmm"))) -> ABR | Y626: Renato de Castro | Z626: Sergio Mench do Prado | AA626: Cláudio Mecenas
A627: UBS I | B627: GO | C627: 0101 | D627: 10 | E627: MILHO | F627: 46W35022ON | G627: SS183E VIP3 | J627: S1 | K627: R5C | L627: SC | M627: 322 | O627: S1 | Q627: 322 | U627: =IF(AUDITORIA[[#This Row],[QTD FÍSICA]]="","",IF(AND(AUDITORIA[[#This Row],[CAT]]=AUDITORIA[[#This Row],[CAT. FÍS.]],AUDITORIA[[#This Row],[QTD FÍSICA]]=AUDITORIA[[#This Row],[QTD SISTEMA]]),"SIM","NÃO")) -> SIM | V627: =IF(AUDITORIA[[#This Row],[CAT]]="",0,1) -> 1 | W627: 46141 | X627: =UPPER(IF(AUDITORIA[[#This Row],[DATA VERIFICAÇÃO]]="","",TEXT(AUDITORIA[[#This Row],[DATA VERIFICAÇÃO]],"mmm"))) -> ABR | Y627: Renato de Castro | Z627: Sergio Mench do Prado | AA627: Cláudio Mecenas
A628: UBS I | B628: GO | C628: 0101 | D628: 10 | E628: MILHO | F628: 14260067SN | G628: SX7331 TG | J628: S1 | K628: C4C | L628: SC | M628: 95 | O628: S1 | Q628: 95 | U628: =IF(AUDITORIA[[#This Row],[QTD FÍSICA]]="","",IF(AND(AUDITORIA[[#This Row],[CAT]]=AUDITORIA[[#This Row],[CAT. FÍS.]],AUDITORIA[[#This Row],[QTD FÍSICA]]=AUDITORIA[[#This Row],[QTD SISTEMA]]),"SIM","NÃO")) -> SIM | V628: =IF(AUDITORIA[[#This Row],[CAT]]="",0,1) -> 1 | W628: 46141 | X628: =UPPER(IF(AUDITORIA[[#This Row],[DATA VERIFICAÇÃO]]="","",TEXT(AUDITORIA[[#This Row],[DATA VERIFICAÇÃO]],"mmm"))) -> ABR | Y628: Renato de Castro | Z628: Sergio Mench do Prado | AA628: Cláudio Mecenas
A629: UBS I | B629: GO | C629: 0101 | D629: 10 | E629: MILHO | F629: 14260083SN | G629: SX7331 TG | J629: S1 | K629: C3C | L629: SC | M629: 73 | O629: S1 | Q629: 73 | U629: =IF(AUDITORIA[[#This Row],[QTD FÍSICA]]="","",IF(AND(AUDITORIA[[#This Row],[CAT]]=AUDITORIA[[#This Row],[CAT. FÍS.]],AUDITORIA[[#This Row],[QTD FÍSICA]]=AUDITORIA[[#This Row],[QTD SISTEMA]]),"SIM","NÃO")) -> SIM | V629: =IF(AUDITORIA[[#This Row],[CAT]]="",0,1) -> 1 | W629: 46141 | X629: =UPPER(IF(AUDITORIA[[#This Row],[DATA VERIFICAÇÃO]]="","",TEXT(AUDITORIA[[#This Row],[DATA VERIFICAÇÃO]],"mmm"))) -> ABR | Y629: Renato de Castro | Z629: Sergio Mench do Prado | AA629: Cláudio Mecenas
... A635: UBS I | B635: GO | C635: 0101 | D635: 10 | E635: MILHO | F635: 44160004SN | G635: SX7331 TG | J635: S1 | K635: C3M | L635: SC | M635: 456 | O635: S1 | Q635: 456 | U635: =IF(AUDITORIA[[#This Row],[QTD FÍSICA]]="","",IF(AND(AUDITORIA[[#This Row],[CAT]]=AUDITORIA[[#This Row],[CAT. FÍS.]],AUDITORIA[[#This Row],[QTD FÍSICA]]=AUDITORIA[[#This Row],[QTD SISTEMA]]),"SIM","NÃO")) -> SIM | V635: =IF(AUDITORIA[[#This Row],[CAT]]="",0,1) -> 1 | W635: 46141 | X635: =UPPER(IF(AUDITORIA[[#This Row],[DATA VERIFICAÇÃO]]="","",TEXT(AUDITORIA[[#This Row],[DATA VERIFICAÇÃO]],"mmm"))) -> ABR | Y635: Renato de Castro | Z635: Sergio Mench do Prado | AA635: Cláudio Mecenas
A636: UBS I | B636: GO | C636: 0101 | D636: 10 | E636: SOJA | F636: 11026755P1336 | G636: 7535I2X | J636: C1 | K636: P1 | L636: BG | M636: 30 | N636: 752 | O636: C1 | P636: 752 | Q636: 30 | R636: Cam.C | S636: QD.16 | T636: F1 | U636: =IF(AUDITORIA[[#This Row],[QTD FÍSICA]]="","",IF(AND(AUDITORIA[[#This Row],[CAT]]=AUDITORIA[[#This Row],[CAT. FÍS.]],AUDITORIA[[#This Row],[QTD FÍSICA]]=AUDITORIA[[#This Row],[QTD SISTEMA]]),"SIM","NÃO")) -> SIM | V636: =IF(AUDITORIA[[#This Row],[CAT]]="",0,1) -> 1 | W636: 46163 | X636: =UPPER(IF(AUDITORIA[[#This Row],[DATA VERIFICAÇÃO]]="","",TEXT(AUDITORIA[[#This Row],[DATA VERIFICAÇÃO]],"mmm"))) -> MAI | Y636: Renato de Castro | Z636: Erivanilson de Oliveira | AA636: Rodrigo de Almeida
A637: UBS I | B637: GO | C637: 0101 | D637: 10 | E637: SOJA | F637: 11026755P1339 | G637: 7535I2X | J637: C1 | K637: P1 | L637: BG | M637: 8 | N637: 746 | O637: C1 | P637: 746 | Q637: 8 | R637: Cam.C | S637: QD.04 | T637: F1 | U637: =IF(AUDITORIA[[#This Row],[QTD FÍSICA]]="","",IF(AND(AUDITORIA[[#This Row],[CAT]]=AUDITORIA[[#This Row],[CAT. FÍS.]],AUDITORIA[[#This Row],[QTD FÍSICA]]=AUDITORIA[[#This Row],[QTD SISTEMA]]),"SIM","NÃO")) -> SIM | V637: =IF(AUDITORIA[[#This Row],[CAT]]="",0,1) -> 1 | W637: 46163 | X637: =UPPER(IF(AUDITORIA[[#This Row],[DATA VERIFICAÇÃO]]="","",TEXT(AUDITORIA[[#This Row],[DATA VERIFICAÇÃO]],"mmm"))) -> MAI | Y637: Renato de Castro | Z637: Erivanilson de Oliveira | AA637: Rodrigo de Almeida
A638: UBS I | B638: GO | C638: 0101 | D638: 10 | E638: SOJA | F638: 11026755P2337 | G638: 7535I2X | J638: C1 | K638: P2 | L638: BG | M638: 30 | N638: 888 | O638: C1 | P638: 888 | Q638: 30 | R638: Cam.C | S638: QD.16 | T638: F3 | U638: =IF(AUDITORIA[[#This Row],[QTD FÍSICA]]="","",IF(AND(AUDITORIA[[#This Row],[CAT]]=AUDITORIA[[#This Row],[CAT. FÍS.]],AUDITORIA[[#This Row],[QTD FÍSICA]]=AUDITORIA[[#This Row],[QTD SISTEMA]]),"SIM","NÃO")) -> SIM | V638: =IF(AUDITORIA[[#This Row],[CAT]]="",0,1) -> 1 | W638: 46163 | X638: =UPPER(IF(AUDITORIA[[#This Row],[DATA VERIFICAÇÃO]]="","",TEXT(AUDITORIA[[#This Row],[DATA VERIFICAÇÃO]],"mmm"))) -> MAI | Y638: Renato de Castro | Z638: Erivanilson de Oliveira | AA638: Rodrigo de Almeida
A639: UBS I | B639: GO | C639: 0101 | D639: 10 | E639: SOJA | F639: 11026755P2338 | G639: 7535I2X | J639: C1 | K639: P2 | L639: BG | M639: 30 | N639: 889 | O639: C1 | P639: 889 | Q639: 30 | R639: Cam.C | S639: QD.16 | T639: F2 | U639: =IF(AUDITORIA[[#This Row],[QTD FÍSICA]]="","",IF(AND(AUDITORIA[[#This Row],[CAT]]=AUDITORIA[[#This Row],[CAT. FÍS.]],AUDITORIA[[#This Row],[QTD FÍSICA]]=AUDITORIA[[#This Row],[QTD SISTEMA]]),"SIM","NÃO")) -> SIM | V639: =IF(AUDITORIA[[#This Row],[CAT]]="",0,1) -> 1 | W639: 46163 | X639: =UPPER(IF(AUDITORIA[[#This Row],[DATA VERIFICAÇÃO]]="","",TEXT(AUDITORIA[[#This Row],[DATA VERIFICAÇÃO]],"mmm"))) -> MAI | Y639: Renato de Castro | Z639: Erivanilson de Oliveira | AA639: Rodrigo de Almeida
A640: UBS I | B640: GO | C640: 0101 | D640: 10 | E640: SOJA | F640: 11026755P2340 | G640: 7535I2X | J640: C1 | K640: P2 | L640: BG | M640: 10 | N640: 878 | O640: C1 | P640: 878 | Q640: 10 | R640: Cam.C | S640: QD.04 | T640: F2 | U640: =IF(AUDITORIA[[#This Row],[QTD FÍSICA]]="","",IF(AND(AUDITORIA[[#This Row],[CAT]]=AUDITORIA[[#This Row],[CAT. FÍS.]],AUDITORIA[[#This Row],[QTD FÍSICA]]=AUDITORIA[[#This Row],[QTD SISTEMA]]),"SIM","NÃO")) -> SIM | V640: =IF(AUDITORIA[[#This Row],[CAT]]="",0,1) -> 1 | W640: 46163 | X640: =UPPER(IF(AUDITORIA[[#This Row],[DATA VERIFICAÇÃO]]="","",TEXT(AUDITORIA[[#This Row],[DATA VERIFICAÇÃO]],"mmm"))) -> MAI | Y640: Renato de Castro | Z640: Erivanilson de Oliveira | AA640: Rodrigo de Almeida
A641: UBS I | B641: GO | C641: 0101 | D641: 10 | E641: SOJA | F641: 11026715P1061 | G641: 761 I2X | J641: S2 | K641: P1 | L641: BG | M641: 30 | N641: 814 | O641: S2 | P641: 814 | Q641: 30 | R641: Cam.C | S641: QD.23 | T641: F1 | U641: =IF(AUDITORIA[[#This Row],[QTD FÍSICA]]="","",IF(AND(AUDITORIA[[#This Row],[CAT]]=AUDITORIA[[#This Row],[CAT. FÍS.]],AUDITORIA[[#This Row],[QTD FÍSICA]]=AUDITORIA[[#This Row],[QTD SISTEMA]]),"SIM","NÃO")) -> SIM | V641: =IF(AUDITORIA[[#This Row],[CAT]]="",0,1) -> 1 | W641: 46163 | X641: =UPPER(IF(AUDITORIA[[#This Row],[DATA VERIFICAÇÃO]]="","",TEXT(AUDITORIA[[#This Row],[DATA VERIFICAÇÃO]],"mmm"))) -> MAI | Y641: Renato de Castro | Z641: Erivanilson de Oliveira | AA641: Rodrigo de Almeida
A642: UBS I | B642: GO | C642: 0101 | D642: 10 | E642: SOJA | F642: 11026715P1063 | G642: 761 I2X | J642: S2 | K642: P1 | L642: BG | M642: 30 | N642: 824 | O642: S2 | P642: 824 | Q642: 30 | R642: Cam.C | S642: QD.23 | T642: F2 | U642: =IF(AUDITORIA[[#This Row],[QTD FÍSICA]]="","",IF(AND(AUDITORIA[[#This Row],[CAT]]=AUDITORIA[[#This Row],[CAT. FÍS.]],AUDITORIA[[#This Row],[QTD FÍSICA]]=AUDITORIA[[#This Row],[QTD SISTEMA]]),"SIM","NÃO")) -> SIM | V642: =IF(AUDITORIA[[#This Row],[CAT]]="",0,1) -> 1 | W642: 46163 | X642: =UPPER(IF(AUDITORIA[[#This Row],[DATA VERIFICAÇÃO]]="","",TEXT(AUDITORIA[[#This Row],[DATA VERIFICAÇÃO]],"mmm"))) -> MAI | Y642: Renato de Castro | Z642: Erivanilson de Oliveira | AA642: Rodrigo de Almeida
A643: UBS I | B643: GO | C643: 0101 | D643: 10 | E643: SOJA | F643: 11026715P1067 | G643: 761 I2X | J643: S2 | K643: P1 | L643: BG | M643: 30 | N643: 810 | O643: S2 | P643: 810 | Q643: 30 | R643: Cam.C | S643: QD.23 | T643: F3 | U643: =IF(AUDITORIA[[#This Row],[QTD FÍSICA]]="","",IF(AND(AUDITORIA[[#This Row],[CAT]]=AUDITORIA[[#This Row],[CAT. FÍS.]],AUDITORIA[[#This Row],[QTD FÍSICA]]=AUDITORIA[[#This Row],[QTD SISTEMA]]),"SIM","NÃO")) -> SIM | V643: =IF(AUDITORIA[[#This Row],[CAT]]="",0,1) -> 1 | W643: 46163 | X643: =UPPER(IF(AUDITORIA[[#This Row],[DATA VERIFICAÇÃO]]="","",TEXT(AUDITORIA[[#This Row],[DATA VERIFICAÇÃO]],"mmm"))) -> MAI | Y643: Renato de Castro | Z643: Erivanilson de Oliveira | AA643: Rodrigo de Almeida
A644: UBS I | B644: GO | C644: 0101 | D644: 10 | E644: SOJA | F644: 11026715P1069 | G644: 761 I2X | J644: S2 | K644: P1 | L644: BG | M644: 30 | N644: 819 | O644: S2 | P644: 819 | Q644: 30 | R644: Cam.C | S644: QD.23 | T644: F4 | U644: =IF(AUDITORIA[[#This Row],[QTD FÍSICA]]="","",IF(AND(AUDITORIA[[#This Row],[CAT]]=AUDITORIA[[#This Row],[CAT. FÍS.]],AUDITORIA[[#This Row],[QTD FÍSICA]]=AUDITORIA[[#This Row],[QTD SISTEMA]]),"SIM","NÃO")) -> SIM | V644: =IF(AUDITORIA[[#This Row],[CAT]]="",0,1) -> 1 | W644: 46163 | X644: =UPPER(IF(AUDITORIA[[#This Row],[DATA VERIFICAÇÃO]]="","",TEXT(AUDITORIA[[#This Row],[DATA VERIFICAÇÃO]],"mmm"))) -> MAI | Y644: Renato de Castro | Z644: Erivanilson de Oliveira | AA644: Rodrigo de Almeida
A645: UBS I | B645: GO | C645: 0101 | D645: 10 | E645: SOJA | F645: 11026715P1073 | G645: 761 I2X | J645: S2 | K645: P1 | L645: BG | M645: 30 | N645: 823 | O645: S2 | P645: 823 | Q645: 30 | R645: Cam.C | S645: QD.19 | T645: F1 | U645: =IF(AUDITORIA[[#This Row],[QTD FÍSICA]]="","",IF(AND(AUDITORIA[[#This Row],[CAT]]=AUDITORIA[[#This Row],[CAT. FÍS.]],AUDITORIA[[#This Row],[QTD FÍSICA]]=AUDITORIA[[#This Row],[QTD SISTEMA]]),"SIM","NÃO")) -> SIM | V645: =IF(AUDITORIA[[#This Row],[CAT]]="",0,1) -> 1 | W645: 46163 | X645: =UPPER(IF(AUDITORIA[[#This Row],[DATA VERIFICAÇÃO]]="","",TEXT(AUDITORIA[[#This Row],[DATA VERIFICAÇÃO]],"mmm"))) -> MAI | Y645: Renato de Castro | Z645: Erivanilson de Oliveira | AA645: Rodrigo de Almeida
A646: UBS I | B646: GO | C646: 0101 | D646: 10 | E646: SOJA | F646: 11026715P1076 | G646: 761 I2X | J646: S2 | K646: P1 | L646: BG | M646: 30 | N646: 804 | O646: S2 | P646: 804 | Q646: 30 | R646: Cam.C | S646: QD.19 | T646: F2 | U646: =IF(AUDITORIA[[#This Row],[QTD FÍSICA]]="","",IF(AND(AUDITORIA[[#This Row],[CAT]]=AUDITORIA[[#This Row],[CAT. FÍS.]],AUDITORIA[[#This Row],[QTD FÍSICA]]=AUDITORIA[[#This Row],[QTD SISTEMA]]),"SIM","NÃO")) -> SIM | V646: =IF(AUDITORIA[[#This Row],[CAT]]="",0,1) -> 1 | W646: 46163 | X646: =UPPER(IF(AUDITORIA[[#This Row],[DATA VERIFICAÇÃO]]="","",TEXT(AUDITORIA[[#This Row],[DATA VERIFICAÇÃO]],"mmm"))) -> MAI | Y646: Renato de Castro | Z646: Erivanilson de Oliveira | AA646: Rodrigo de Almeida
A647: UBS I | B647: GO | C647: 0101 | D647: 10 | E647: SOJA | F647: 11026715P1079 | G647: 761 I2X | J647: S2 | K647: P1 | L647: BG | M647: 30 | N647: 814 | O647: S2 | P647: 814 | Q647: 30 | R647: Cam.C | S647: QD.19 | T647: F3 | U647: =IF(AUDITORIA[[#This Row],[QTD FÍSICA]]="","",IF(AND(AUDITORIA[[#This Row],[CAT]]=AUDITORIA[[#This Row],[CAT. FÍS.]],AUDITORIA[[#This Row],[QTD FÍSICA]]=AUDITORIA[[#This Row],[QTD SISTEMA]]),"SIM","NÃO")) -> SIM | V647: =IF(AUDITORIA[[#This Row],[CAT]]="",0,1) -> 1 | W647: 46163 | X647: =UPPER(IF(AUDITORIA[[#This Row],[DATA VERIFICAÇÃO]]="","",TEXT(AUDITORIA[[#This Row],[DATA VERIFICAÇÃO]],"mmm"))) -> MAI | Y647: Renato de Castro | Z647: Erivanilson de Oliveira | AA647: Rodrigo de Almeida
... A975: UBS I | B975: GO | C975: 0101 | D975: 10 | E975: SOJA | F975: 11026273P2319 | G975: O800 I2X | J975: S1 | K975: P2 | L975: BG | M975: 18 | N975: 836 | O975: S1 | P975: 836 | Q975: 18 | R975: Cam.B | S975: CORREDOR | T975: (vazio) | U975: =IF(AUDITORIA[[#This Row],[QTD FÍSICA]]="","",IF(AND(AUDITORIA[[#This Row],[CAT]]=AUDITORIA[[#This Row],[CAT. FÍS.]],AUDITORIA[[#This Row],[QTD FÍSICA]]=AUDITORIA[[#This Row],[QTD SISTEMA]]),"SIM","NÃO")) -> SIM | V975: =IF(AUDITORIA[[#This Row],[CAT]]="",0,1) -> 1 | W975: 46163 | X975: =UPPER(IF(AUDITORIA[[#This Row],[DATA VERIFICAÇÃO]]="","",TEXT(AUDITORIA[[#This Row],[DATA VERIFICAÇÃO]],"mmm"))) -> MAI | Y975: Renato de Castro | Z975: Erivanilson de Oliveira | AA975: Rodrigo de Almeida
A976: LPCO | B976: GO | C976: 0101 | D976: 11 | E976: SOJA | F976: 11743P1417 | G976: 22213I2X | J976: C2 | K976: P1 | L976: BG | M976: 30 | N976: 761 | O976: C2 | P976: 761 | Q976: 30 | U976: =IF(AUDITORIA[[#This Row],[QTD FÍSICA]]="","",IF(AND(AUDITORIA[[#This Row],[CAT]]=AUDITORIA[[#This Row],[CAT. FÍS.]],AUDITORIA[[#This Row],[QTD FÍSICA]]=AUDITORIA[[#This Row],[QTD SISTEMA]]),"SIM","NÃO")) -> SIM | V976: =IF(AUDITORIA[[#This Row],[CAT]]="",0,1) -> 1 | W976: 46170 | X976: =UPPER(IF(AUDITORIA[[#This Row],[DATA VERIFICAÇÃO]]="","",TEXT(AUDITORIA[[#This Row],[DATA VERIFICAÇÃO]],"mmm"))) -> MAI | Y976: Renato de Castro | Z976: Givaldo de Marinho | AA976: Luziano Alves
A977: LPCO | B977: GO | C977: 0101 | D977: 11 | E977: SOJA | F977: 11743P1420 | G977: 22213I2X | J977: C2 | K977: P1 | L977: BG | M977: 30 | N977: 733 | O977: C2 | P977: 733 | Q977: 30 | U977: =IF(AUDITORIA[[#This Row],[QTD FÍSICA]]="","",IF(AND(AUDITORIA[[#This Row],[CAT]]=AUDITORIA[[#This Row],[CAT. FÍS.]],AUDITORIA[[#This Row],[QTD FÍSICA]]=AUDITORIA[[#This Row],[QTD SISTEMA]]),"SIM","NÃO")) -> SIM | V977: =IF(AUDITORIA[[#This Row],[CAT]]="",0,1) -> 1 | W977: 46170 | X977: =UPPER(IF(AUDITORIA[[#This Row],[DATA VERIFICAÇÃO]]="","",TEXT(AUDITORIA[[#This Row],[DATA VERIFICAÇÃO]],"mmm"))) -> MAI | Y977: Renato de Castro | Z977: Givaldo de Marinho | AA977: Luziano Alves
A978: LPCO | B978: GO | C978: 0101 | D978: 11 | E978: SOJA | F978: 11743P1422 | G978: 22213I2X | J978: C2 | K978: P1 | L978: BG | M978: 30 | N978: 748 | O978: C2 | P978: 748 | Q978: 30 | U978: =IF(AUDITORIA[[#This Row],[QTD FÍSICA]]="","",IF(AND(AUDITORIA[[#This Row],[CAT]]=AUDITORIA[[#This Row],[CAT. FÍS.]],AUDITORIA[[#This Row],[QTD FÍSICA]]=AUDITORIA[[#This Row],[QTD SISTEMA]]),"SIM","NÃO")) -> SIM | V978: =IF(AUDITORIA[[#This Row],[CAT]]="",0,1) -> 1 | W978: 46170 | X978: =UPPER(IF(AUDITORIA[[#This Row],[DATA VERIFICAÇÃO]]="","",TEXT(AUDITORIA[[#This Row],[DATA VERIFICAÇÃO]],"mmm"))) -> MAI | Y978: Renato de Castro | Z978: Givaldo de Marinho | AA978: Luziano Alves
A979: LPCO | B979: GO | C979: 0101 | D979: 11 | E979: SOJA | F979: 11743P1424 | G979: 22213I2X | J979: C2 | K979: P1 | L979: BG | M979: 23 | N979: 731 | O979: C2 | P979: 731 | Q979: 23 | U979: =IF(AUDITORIA[[#This Row],[QTD FÍSICA]]="","",IF(AND(AUDITORIA[[#This Row],[CAT]]=AUDITORIA[[#This Row],[CAT. FÍS.]],AUDITORIA[[#This Row],[QTD FÍSICA]]=AUDITORIA[[#This Row],[QTD SISTEMA]]),"SIM","NÃO")) -> SIM | V979: =IF(AUDITORIA[[#This Row],[CAT]]="",0,1) -> 1 | W979: 46170 | X979: =UPPER(IF(AUDITORIA[[#This Row],[DATA VERIFICAÇÃO]]="","",TEXT(AUDITORIA[[#This Row],[DATA VERIFICAÇÃO]],"mmm"))) -> MAI | Y979: Renato de Castro | Z979: Givaldo de Marinho | AA979: Luziano Alves
A980: LPCO | B980: GO | C980: 0101 | D980: 11 | E980: SOJA | F980: 11743P2418 | G980: 22213I2X | J980: C2 | K980: P2 | L980: BG | M980: 27 | N980: 953 | O980: C2 | P980: 953 | Q980: 27 | U980: =IF(AUDITORIA[[#This Row],[QTD FÍSICA]]="","",IF(AND(AUDITORIA[[#This Row],[CAT]]=AUDITORIA[[#This Row],[CAT. FÍS.]],AUDITORIA[[#This Row],[QTD FÍSICA]]=AUDITORIA[[#This Row],[QTD SISTEMA]]),"SIM","NÃO")) -> SIM | V980: =IF(AUDITORIA[[#This Row],[CAT]]="",0,1) -> 1 | W980: 46170 | X980: =UPPER(IF(AUDITORIA[[#This Row],[DATA VERIFICAÇÃO]]="","",TEXT(AUDITORIA[[#This Row],[DATA VERIFICAÇÃO]],"mmm"))) -> MAI | Y980: Renato de Castro | Z980: Givaldo de Marinho | AA980: Luziano Alves
A981: LPCO | B981: GO | C981: 0101 | D981: 11 | E981: SOJA | F981: 11743P2419 | G981: 22213I2X | J981: C2 | K981: P2 | L981: BG | M981: 27 | N981: 936 | O981: C2 | P981: 936 | Q981: 27 | U981: =IF(AUDITORIA[[#This Row],[QTD FÍSICA]]="","",IF(AND(AUDITORIA[[#This Row],[CAT]]=AUDITORIA[[#This Row],[CAT. FÍS.]],AUDITORIA[[#This Row],[QTD FÍSICA]]=AUDITORIA[[#This Row],[QTD SISTEMA]]),"SIM","NÃO")) -> SIM | V981: =IF(AUDITORIA[[#This Row],[CAT]]="",0,1) -> 1 | W981: 46170 | X981: =UPPER(IF(AUDITORIA[[#This Row],[DATA VERIFICAÇÃO]]="","",TEXT(AUDITORIA[[#This Row],[DATA VERIFICAÇÃO]],"mmm"))) -> MAI | Y981: Renato de Castro | Z981: Givaldo de Marinho | AA981: Luziano Alves
A982: LPCO | B982: GO | C982: 0101 | D982: 11 | E982: SOJA | F982: 11743P2421 | G982: 22213I2X | J982: C2 | K982: P2 | L982: BG | M982: 27 | N982: 948 | O982: C2 | P982: 948 | Q982: 27 | U982: =IF(AUDITORIA[[#This Row],[QTD FÍSICA]]="","",IF(AND(AUDITORIA[[#This Row],[CAT]]=AUDITORIA[[#This Row],[CAT. FÍS.]],AUDITORIA[[#This Row],[QTD FÍSICA]]=AUDITORIA[[#This Row],[QTD SISTEMA]]),"SIM","NÃO")) -> SIM | V982: =IF(AUDITORIA[[#This Row],[CAT]]="",0,1) -> 1 | W982: 46170 | X982: =UPPER(IF(AUDITORIA[[#This Row],[DATA VERIFICAÇÃO]]="","",TEXT(AUDITORIA[[#This Row],[DATA VERIFICAÇÃO]],"mmm"))) -> MAI | Y982: Renato de Castro | Z982: Givaldo de Marinho | AA982: Luziano Alves
A983: LPCO | B983: GO | C983: 0101 | D983: 11 | E983: SOJA | F983: 11743P2423 | G983: 22213I2X | J983: C2 | K983: P2 | L983: BG | M983: 27 | N983: 929 | O983: C2 | P983: 929 | Q983: 27 | U983: =IF(AUDITORIA[[#This Row],[QTD FÍSICA]]="","",IF(AND(AUDITORIA[[#This Row],[CAT]]=AUDITORIA[[#This Row],[CAT. FÍS.]],AUDITORIA[[#This Row],[QTD FÍSICA]]=AUDITORIA[[#This Row],[QTD SISTEMA]]),"SIM","NÃO")) -> SIM | V983: =IF(AUDITORIA[[#This Row],[CAT]]="",0,1) -> 1 | W983: 46170 | X983: =UPPER(IF(AUDITORIA[[#This Row],[DATA VERIFICAÇÃO]]="","",TEXT(AUDITORIA[[#This Row],[DATA VERIFICAÇÃO]],"mmm"))) -> MAI | Y983: Renato de Castro | Z983: Givaldo de Marinho | AA983: Luziano Alves
A984: LPCO | B984: GO | C984: 0101 | D984: 11 | E984: SOJA | F984: 11743P2425 | G984: 22213I2X | J984: C2 | K984: P2 | L984: BG | M984: 14 | N984: 949 | O984: C2 | P984: 949 | Q984: 14 | U984: =IF(AUDITORIA[[#This Row],[QTD FÍSICA]]="","",IF(AND(AUDITORIA[[#This Row],[CAT]]=AUDITORIA[[#This Row],[CAT. FÍS.]],AUDITORIA[[#This Row],[QTD FÍSICA]]=AUDITORIA[[#This Row],[QTD SISTEMA]]),"SIM","NÃO")) -> SIM | V984: =IF(AUDITORIA[[#This Row],[CAT]]="",0,1) -> 1 | W984: 46170 | X984: =UPPER(IF(AUDITORIA[[#This Row],[DATA VERIFICAÇÃO]]="","",TEXT(AUDITORIA[[#This Row],[DATA VERIFICAÇÃO]],"mmm"))) -> MAI | Y984: Renato de Castro | Z984: Givaldo de Marinho | AA984: Luziano Alves
A985: LPCO | B985: GO | C985: 0101 | D985: 11 | E985: SOJA | F985: 11272P1201 | G985: 690 I2X | J985: S1 | K985: P1 | L985: BG | M985: 30 | N985: 759 | O985: S1 | P985: 759 | Q985: 30 | U985: =IF(AUDITORIA[[#This Row],[QTD FÍSICA]]="","",IF(AND(AUDITORIA[[#This Row],[CAT]]=AUDITORIA[[#This Row],[CAT. FÍS.]],AUDITORIA[[#This Row],[QTD FÍSICA]]=AUDITORIA[[#This Row],[QTD SISTEMA]]),"SIM","NÃO")) -> SIM | V985: =IF(AUDITORIA[[#This Row],[CAT]]="",0,1) -> 1 | W985: 46170 | X985: =UPPER(IF(AUDITORIA[[#This Row],[DATA VERIFICAÇÃO]]="","",TEXT(AUDITORIA[[#This Row],[DATA VERIFICAÇÃO]],"mmm"))) -> MAI | Y985: Renato de Castro | Z985: Givaldo de Marinho | AA985: Luziano Alves
A986: LPCO | B986: GO | C986: 0101 | D986: 11 | E986: SOJA | F986: 11272P1203 | G986: 690 I2X | J986: S1 | K986: P1 | L986: BG | M986: 30 | N986: 742 | O986: S1 | P986: 742 | Q986: 30 | U986: =IF(AUDITORIA[[#This Row],[QTD FÍSICA]]="","",IF(AND(AUDITORIA[[#This Row],[CAT]]=AUDITORIA[[#This Row],[CAT. FÍS.]],AUDITORIA[[#This Row],[QTD FÍSICA]]=AUDITORIA[[#This Row],[QTD SISTEMA]]),"SIM","NÃO")) -> SIM | V986: =IF(AUDITORIA[[#This Row],[CAT]]="",0,1) -> 1 | W986: 46170 | X986: =UPPER(IF(AUDITORIA[[#This Row],[DATA VERIFICAÇÃO]]="","",TEXT(AUDITORIA[[#This Row],[DATA VERIFICAÇÃO]],"mmm"))) -> MAI | Y986: Renato de Castro | Z986: Givaldo de Marinho | AA986: Luziano Alves
A987: LPCO | B987: GO | C987: 0101 | D987: 11 | E987: SOJA | F987: 11272P1205 | G987: 690 I2X | J987: S1 | K987: P1 | L987: BG | M987: 30 | N987: 755 | O987: S1 | P987: 755 | Q987: 30 | U987: =IF(AUDITORIA[[#This Row],[QTD FÍSICA]]="","",IF(AND(AUDITORIA[[#This Row],[CAT]]=AUDITORIA[[#This Row],[CAT. FÍS.]],AUDITORIA[[#This Row],[QTD FÍSICA]]=AUDITORIA[[#This Row],[QTD SISTEMA]]),"SIM","NÃO")) -> SIM | V987: =IF(AUDITORIA[[#This Row],[CAT]]="",0,1) -> 1 | W987: 46170 | X987: =UPPER(IF(AUDITORIA[[#This Row],[DATA VERIFICAÇÃO]]="","",TEXT(AUDITORIA[[#This Row],[DATA VERIFICAÇÃO]],"mmm"))) -> MAI | Y987: Renato de Castro | Z987: Givaldo de Marinho | AA987: Luziano Alves
... A1262: LPCO | B1262: GO | C1262: 0101 | D1262: 11 | E1262: SOJA | F1262: 11264P2433 | G1262: O820 IPRO | J1262: S1 | K1262: P2 | L1262: BG | M1262: 4 | N1262: 1193 | O1262: S1 | P1262: 1193 | Q1262: 4 | U1262: =IF(AUDITORIA[[#This Row],[QTD FÍSICA]]="","",IF(AND(AUDITORIA[[#This Row],[CAT]]=AUDITORIA[[#This Row],[CAT. FÍS.]],AUDITORIA[[#This Row],[QTD FÍSICA]]=AUDITORIA[[#This Row],[QTD SISTEMA]]),"SIM","NÃO")) -> SIM | V1262: =IF(AUDITORIA[[#This Row],[CAT]]="",0,1) -> 1 | W1262: 46170 | X1262: =UPPER(IF(AUDITORIA[[#This Row],[DATA VERIFICAÇÃO]]="","",TEXT(AUDITORIA[[#This Row],[DATA VERIFICAÇÃO]],"mmm"))) -> MAI | Y1262: Renato de Castro | Z1262: Givaldo de Marinho | AA1262: Luziano Alves
A1263: UBS I | B1263: GO | C1263: 0101 | D1263: 10 | E1263: SOJA | F1263: 11026739P1001 | G1263: NEO700 I2X | J1263: C2 | K1263: P1 | L1263: BG | M1263: 27 | N1263: 923 | O1263: C2 | P1263: 923 | Q1263: 27 | R1263: Cam.C | S1263: QD.37 | T1263: F1 | U1263: =IF(AUDITORIA[[#This Row],[QTD FÍSICA]]="","",IF(AND(AUDITORIA[[#This Row],[CAT]]=AUDITORIA[[#This Row],[CAT. FÍS.]],AUDITORIA[[#This Row],[QTD FÍSICA]]=AUDITORIA[[#This Row],[QTD SISTEMA]]),"SIM","NÃO")) -> SIM | V1263: =IF(AUDITORIA[[#This Row],[CAT]]="",0,1) -> 1 | W1263: 46197 | X1263: =UPPER(IF(AUDITORIA[[#This Row],[DATA VERIFICAÇÃO]]="","",TEXT(AUDITORIA[[#This Row],[DATA VERIFICAÇÃO]],"mmm"))) -> JUN | Y1263: Renato de Castro | Z1263: Sergio Mench do Prado | AA1263: Rodrigo de Almeida
A1264: UBS I | B1264: GO | C1264: 0101 | D1264: 10 | E1264: SOJA | F1264: 11026739P1003 | G1264: NEO700 I2X | J1264: C2 | K1264: P1 | L1264: BG | M1264: 30 | N1264: 868 | O1264: C2 | P1264: 868 | Q1264: 30 | R1264: Cam.C | S1264: QD.37 | T1264: F2 | U1264: =IF(AUDITORIA[[#This Row],[QTD FÍSICA]]="","",IF(AND(AUDITORIA[[#This Row],[CAT]]=AUDITORIA[[#This Row],[CAT. FÍS.]],AUDITORIA[[#This Row],[QTD FÍSICA]]=AUDITORIA[[#This Row],[QTD SISTEMA]]),"SIM","NÃO")) -> SIM | V1264: =IF(AUDITORIA[[#This Row],[CAT]]="",0,1) -> 1 | W1264: 46197 | X1264: =UPPER(IF(AUDITORIA[[#This Row],[DATA VERIFICAÇÃO]]="","",TEXT(AUDITORIA[[#This Row],[DATA VERIFICAÇÃO]],"mmm"))) -> JUN | Y1264: Renato de Castro | Z1264: Sergio Mench do Prado | AA1264: Rodrigo de Almeida
A1265: UBS I | B1265: GO | C1265: 0101 | D1265: 10 | E1265: SOJA | F1265: 11026739P1004 | G1265: NEO700 I2X | J1265: C2 | K1265: P1 | L1265: BG | M1265: 30 | N1265: 782 | O1265: C2 | P1265: 782 | Q1265: 30 | R1265: Cam.C | S1265: QD.37 | T1265: F3 | U1265: =IF(AUDITORIA[[#This Row],[QTD FÍSICA]]="","",IF(AND(AUDITORIA[[#This Row],[CAT]]=AUDITORIA[[#This Row],[CAT. FÍS.]],AUDITORIA[[#This Row],[QTD FÍSICA]]=AUDITORIA[[#This Row],[QTD SISTEMA]]),"SIM","NÃO")) -> SIM | V1265: =IF(AUDITORIA[[#This Row],[CAT]]="",0,1) -> 1 | W1265: 46197 | X1265: =UPPER(IF(AUDITORIA[[#This Row],[DATA VERIFICAÇÃO]]="","",TEXT(AUDITORIA[[#This Row],[DATA VERIFICAÇÃO]],"mmm"))) -> JUN | Y1265: Renato de Castro | Z1265: Sergio Mench do Prado | AA1265: Rodrigo de Almeida
A1266: UBS I | B1266: GO | C1266: 0101 | D1266: 10 | E1266: SOJA | F1266: 11026739P2005 | G1266: NEO700 I2X | J1266: C2 | K1266: P2 | L1266: BG | M1266: 27 | N1266: 964 | O1266: C2 | P1266: 964 | Q1266: 27 | R1266: Cam.C | S1266: QD.34 | T1266: F1 | U1266: =IF(AUDITORIA[[#This Row],[QTD FÍSICA]]="","",IF(AND(AUDITORIA[[#This Row],[CAT]]=AUDITORIA[[#This Row],[CAT. FÍS.]],AUDITORIA[[#This Row],[QTD FÍSICA]]=AUDITORIA[[#This Row],[QTD SISTEMA]]),"SIM","NÃO")) -> SIM | V1266: =IF(AUDITORIA[[#This Row],[CAT]]="",0,1) -> 1 | W1266: 46197 | X1266: =UPPER(IF(AUDITORIA[[#This Row],[DATA VERIFICAÇÃO]]="","",TEXT(AUDITORIA[[#This Row],[DATA VERIFICAÇÃO]],"mmm"))) -> JUN | Y1266: Renato de Castro | Z1266: Sergio Mench do Prado | AA1266: Rodrigo de Almeida
A1267: UBS I | B1267: GO | C1267: 0101 | D1267: 10 | E1267: SOJA | F1267: 11026739P2002 | G1267: NEO700 I2X | J1267: C2 | K1267: P2 | L1267: BG | M1267: 9 | N1267: 1127 | O1267: C2 | P1267: 1127 | Q1267: 9 | R1267: Cam.C | S1267: QD.38 | T1267: F1 | U1267: =IF(AUDITORIA[[#This Row],[QTD FÍSICA]]="","",IF(AND(AUDITORIA[[#This Row],[CAT]]=AUDITORIA[[#This Row],[CAT. FÍS.]],AUDITORIA[[#This Row],[QTD FÍSICA]]=AUDITORIA[[#This Row],[QTD SISTEMA]]),"SIM","NÃO")) -> SIM | V1267: =IF(AUDITORIA[[#This Row],[CAT]]="",0,1) -> 1 | W1267: 46197 | X1267: =UPPER(IF(AUDITORIA[[#This Row],[DATA VERIFICAÇÃO]]="","",TEXT(AUDITORIA[[#This Row],[DATA VERIFICAÇÃO]],"mmm"))) -> JUN | Y1267: Renato de Castro | Z1267: Sergio Mench do Prado | AA1267: Rodrigo de Almeida
A1268: UBS I | B1268: GO | C1268: 0101 | D1268: 10 | E1268: SOJA | F1268: 11026739P1006 | G1268: NEO700 I2X | J1268: C2 | K1268: P1 | L1268: BG | M1268: 30 | N1268: 795 | O1268: C2 | P1268: 795 | Q1268: 30 | R1268: Cam.C | S1268: QD.35 | T1268: F1 | U1268: =IF(AUDITORIA[[#This Row],[QTD FÍSICA]]="","",IF(AND(AUDITORIA[[#This Row],[CAT]]=AUDITORIA[[#This Row],[CAT. FÍS.]],AUDITORIA[[#This Row],[QTD FÍSICA]]=AUDITORIA[[#This Row],[QTD SISTEMA]]),"SIM","NÃO")) -> SIM | V1268: =IF(AUDITORIA[[#This Row],[CAT]]="",0,1) -> 1 | W1268: 46197 | X1268: =UPPER(IF(AUDITORIA[[#This Row],[DATA VERIFICAÇÃO]]="","",TEXT(AUDITORIA[[#This Row],[DATA VERIFICAÇÃO]],"mmm"))) -> JUN | Y1268: Renato de Castro | Z1268: Sergio Mench do Prado | AA1268: Rodrigo de Almeida
A1269: UBS I | B1269: GO | C1269: 0101 | D1269: 10 | E1269: SOJA | F1269: 11026739P1007 | G1269: NEO700 I2X | J1269: C2 | K1269: P1 | L1269: BG | M1269: 30 | N1269: 790 | O1269: C2 | P1269: 790 | Q1269: 30 | R1269: Cam.C | S1269: QD.35 | T1269: F2 | U1269: =IF(AUDITORIA[[#This Row],[QTD FÍSICA]]="","",IF(AND(AUDITORIA[[#This Row],[CAT]]=AUDITORIA[[#This Row],[CAT. FÍS.]],AUDITORIA[[#This Row],[QTD FÍSICA]]=AUDITORIA[[#This Row],[QTD SISTEMA]]),"SIM","NÃO")) -> SIM | V1269: =IF(AUDITORIA[[#This Row],[CAT]]="",0,1) -> 1 | W1269: 46197 | X1269: =UPPER(IF(AUDITORIA[[#This Row],[DATA VERIFICAÇÃO]]="","",TEXT(AUDITORIA[[#This Row],[DATA VERIFICAÇÃO]],"mmm"))) -> JUN | Y1269: Renato de Castro | Z1269: Sergio Mench do Prado | AA1269: Rodrigo de Almeida
...
